Time_us,Roll,Pitch,GyroX,GyroY,GyroZ,T1,T2,T3,PhiX,PhiY,PhiDX,PhiDY,motor_vel_1,motor_vel_2,motor_vel_3,motor_pos_1,motor_pos_2,motor_pos_3,motor_torq_1,motor_torq_2,motor_torq_3
18852436,-0.0196,-0.0655,-0.0058,0.0608,0.0484,0.2300,0.2300,-0.2300,-0.0000,-0.0000,-0.0073,0.0613,0.0043,-0.0163,-0.0095,-0.0009,-0.0004,0.0034,0.1037,-0.0045,0.0794
18856994,-0.0197,-0.0654,-0.0058,0.0602,0.0460,0.2300,0.2300,-0.2300,-0.0001,-0.0001,-0.0129,0.0571,0.0700,0.0116,-0.0282,-0.0007,-0.0001,0.0032,0.0173,0.0055,-0.0158
18861994,-0.0197,-0.0654,-0.0211,0.0464,0.0469,0.2300,0.2300,-0.2300,-0.0004,-0.0004,-0.0512,-0.1015,0.7704,1.4336,-0.4827,0.0020,0.0059,0.0015,0.0349,0.0365,-0.0345
18866994,-0.0197,-0.0655,-0.0192,0.0318,0.0329,0.2300,0.2300,-0.2300,-0.0009,-0.0009,-0.1069,-0.2865,1.6113,2.7647,-1.3519,0.0117,0.0173,-0.0058,0.0798,0.0855,-0.0740
18871994,-0.0198,-0.0657,-0.0076,0.0180,-0.0472,0.2300,0.2300,-0.2300,-0.0015,-0.0015,-0.1300,-0.2558,1.6554,2.1186,-1.4222,0.0178,0.0306,-0.0117,0.1148,0.1138,-0.1224
18876994,-0.0197,-0.0654,-0.0125,0.0837,-0.1684,0.2300,0.2300,-0.2300,-0.0026,-0.0026,-0.2113,-0.1885,2.8198,2.4686,-1.0651,0.0350,0.0403,-0.0186,0.1390,0.1482,-0.1454
18881994,-0.0197,-0.0650,0.0079,0.1335,-0.2222,0.2300,0.2300,-0.2300,-0.0033,-0.0033,-0.1321,-0.2369,3.1152,4.1149,-0.7003,0.0473,0.0624,-0.0215,0.1828,0.1647,-0.1910
18886994,-0.0197,-0.0641,0.0330,0.2037,-0.2649,0.2300,0.2300,-0.2300,-0.0040,-0.0040,-0.1430,-0.2706,4.4858,5.8439,-0.3349,0.0724,0.0856,-0.0235,0.2184,0.1950,-0.2307
18891994,-0.0195,-0.0631,0.0861,0.2126,-0.3224,0.2300,0.2300,-0.2300,-0.0042,-0.0042,-0.0361,-0.5022,5.6045,9.2328,-0.0755,0.0949,0.1367,-0.0240,0.2205,0.1988,-0.2356
18896994,-0.0192,-0.0619,0.1271,0.2498,-0.4152,0.2300,0.2300,-0.2300,-0.0040,-0.0040,0.0220,-0.6210,6.4511,11.3488,0.0119,0.1329,0.1821,-0.0239,0.2219,0.2001,-0.2317
18901994,-0.0185,-0.0604,0.1515,0.2599,-0.5444,0.2300,0.2300,-0.2300,-0.0037,-0.0037,0.0760,-0.7908,7.2212,13.6721,0.0038,0.1617,0.2615,-0.0239,0.2214,0.2095,-0.2301
18906994,-0.0178,-0.0593,0.1713,0.2605,-0.6098,0.2300,0.2300,-0.2300,-0.0034,-0.0034,0.0565,-0.9239,8.4846,15.4200,0.0165,0.2115,0.3229,-0.0239,0.2135,0.2085,-0.2301
18911994,-0.0170,-0.0578,0.2098,0.3338,-0.6657,0.1991,0.2300,-0.2300,-0.0024,-0.0024,0.2016,-1.1447,9.1355,19.2441,0.0348,0.2478,0.4333,-0.0238,0.2222,0.1968,-0.2296
18916994,-0.0160,-0.0559,0.2489,0.4142,-0.6840,0.1570,0.2300,-0.2300,-0.0010,-0.0010,0.2838,-1.3538,10.4189,22.9605,0.0095,0.3092,0.5244,-0.0238,0.2046,0.1937,-0.2298
18921994,-0.0146,-0.0537,0.3519,0.4432,-0.6684,0.0710,0.2300,-0.2300,0.0024,0.0024,0.6653,-1.8299,10.4540,29.4594,-0.0072,0.3511,0.6943,-0.0238,0.1947,0.1820,-0.2303
18926994,-0.0129,-0.0518,0.4154,0.3839,-0.6458,0.0009,0.2300,-0.2300,0.0070,0.0070,0.9262,-2.1519,9.8850,32.7944,-0.0353,0.4109,0.8265,-0.0239,0.1525,0.1910,-0.2299
18931994,-0.0108,-0.0499,0.4050,0.3708,-0.7597,-0.0394,0.2300,-0.2300,0.0120,0.0120,1.0080,-2.3156,9.7514,34.6381,-0.0986,0.4500,1.0335,-0.0242,0.1069,0.2129,-0.2278
18936994,-0.0086,-0.0475,0.4569,0.5009,-0.9015,-0.1194,0.2300,-0.2300,0.0180,0.0180,1.2006,-2.3472,9.1088,36.5646,-0.2155,0.5055,1.1796,-0.0258,0.0879,0.1974,-0.2289
18941994,-0.0066,-0.0449,0.4520,0.5693,-0.7493,-0.1510,0.2300,-0.2300,0.0244,0.0244,1.2730,-2.2722,8.2935,36.4875,-0.1681,0.5388,1.4025,-0.0262,0.0499,0.1603,-0.2295
18946994,-0.0047,-0.0419,0.3903,0.6359,-0.8569,-0.1582,0.2300,-0.2300,0.0301,0.0301,1.1278,-2.1296,8.1284,34.7943,-0.8449,0.5869,1.5409,-0.0304,0.0023,0.2366,-0.2260
18951994,-0.0022,-0.0385,0.5012,0.6671,-0.9418,-0.2300,0.2300,-0.2300,0.0364,0.0364,1.2710,-1.9721,7.4871,33.6067,-0.3634,0.6174,1.7436,-0.0324,-0.0140,0.2271,-0.2345
18956994,0.0001,-0.0352,0.4890,0.7126,-0.8883,-0.2300,0.2300,-0.1779,0.0435,0.0435,1.4259,-1.8543,5.5992,33.0188,0.0163,0.6516,1.8758,-0.0320,-0.0517,0.2443,-0.2320
18961994,0.0023,-0.0314,0.4862,0.7825,-0.9396,-0.2300,0.2300,-0.0608,0.0503,0.0503,1.3442,-1.7394,5.7380,31.9024,-0.4908,0.6749,2.0683,-0.0339,-0.0995,0.2554,-0.2107
18966994,0.0049,-0.0274,0.5321,0.8720,-0.8593,-0.2300,0.2300,0.0952,0.0571,0.0571,1.3651,-1.5347,4.6007,29.6353,-1.2451,0.7036,2.1886,-0.0415,-0.1167,0.2560,-0.1700
18971994,0.0071,-0.0228,0.4252,0.9120,-0.8963,-0.2300,0.1243,0.1860,0.0623,0.0623,1.0339,-1.1293,4.4657,24.5468,-1.6229,0.7213,2.3395,-0.0478,-0.1628,0.2600,-0.1402
18976994,0.0087,-0.0186,0.3039,0.8769,-1.0148,-0.2300,0.0461,0.2206,0.0666,0.0666,0.8781,-1.1107,3.2160,22.4949,-2.9827,0.7432,2.4294,-0.0644,-0.1955,0.2558,-0.0943
18981994,0.0096,-0.0140,0.1607,0.9685,-1.0340,-0.2300,-0.1098,0.2300,0.0701,0.0701,0.6853,-0.7771,1.8375,18.9522,-3.4271,0.7507,2.5464,-0.0753,-0.2131,0.2101,-0.0749
18986994,0.0105,-0.0088,0.1717,1.0950,-0.9812,-0.2300,-0.2300,0.2300,0.0736,0.0736,0.6971,-0.5459,0.1735,16.5846,-4.4631,0.7531,2.6128,-0.1041,-0.2173,0.1694,-0.0371
18991994,0.0107,-0.0036,-0.0015,1.0919,-0.9158,-0.2300,-0.2300,0.2300,0.0756,0.0756,0.4116,-0.3371,-0.3270,13.4527,-4.8866,0.7517,2.6958,-0.1240,-0.2245,0.1474,-0.0016
18996994,0.0107,0.0016,-0.0293,1.0571,-0.8727,-0.2300,-0.2300,0.2300,0.0779,0.0779,0.4590,-0.1378,-1.1793,11.9209,-3.4125,0.7459,2.7435,-0.1474,-0.2230,0.0972,0.0181
19001994,0.0102,0.0066,-0.1576,1.0159,-0.7677,-0.1502,-0.2300,0.2300,0.0802,0.0802,0.4507,0.2045,-2.0375,9.9217,-0.4814,0.7378,2.8049,-0.1501,-0.2210,0.0731,0.0294
19006994,0.0094,0.0121,-0.1448,1.0858,-0.4772,-0.1308,-0.2300,0.2300,0.0836,0.0836,0.6958,0.7085,-2.7586,8.9649,4.1529,0.7220,2.8410,-0.1293,-0.2035,0.0270,0.0712
19011994,0.0083,0.0176,-0.2111,1.0907,-0.4167,-0.0701,-0.2300,0.2300,0.0864,0.0864,0.5537,1.0083,-2.8383,6.1421,5.1111,0.7103,2.8813,-0.1127,-0.1863,-0.0059,0.1048
19016994,0.0074,0.0230,-0.1610,1.0745,-0.4845,-0.0817,-0.2300,0.2300,0.0885,0.0885,0.4256,1.1525,-2.0534,3.9130,4.9357,0.6967,2.8973,-0.0763,-0.1498,-0.0430,0.1611
19021994,0.0062,0.0284,-0.2700,1.0547,-0.4574,0.0041,-0.2300,0.2300,0.0894,0.0894,0.1791,1.3152,-1.4605,1.8044,5.1682,0.6908,2.9067,-0.0561,-0.1103,-0.0751,0.2001
19026994,0.0049,0.0333,-0.3235,0.9823,-0.2103,0.0710,-0.2300,0.2300,0.0896,0.0896,0.0427,1.2418,-0.1600,2.1541,5.5058,0.6889,2.9157,-0.0224,-0.0908,-0.1365,0.2354
19031994,0.0028,0.0378,-0.4542,0.8775,-0.0887,0.1904,-0.2300,0.2300,0.0886,0.0886,-0.2114,1.0944,0.3042,1.5266,4.3221,0.6900,2.9266,-0.0050,-0.0435,-0.1561,0.2394
19036994,0.0007,0.0417,-0.4114,0.7608,-0.1846,0.2064,-0.2300,0.2300,0.0868,0.0868,-0.3666,0.9737,1.1043,0.1701,2.9082,0.6949,2.9277,0.0137,-0.0038,-0.1843,0.2415
19041994,-0.0010,0.0448,-0.3005,0.6197,-0.1464,0.1802,-0.2300,0.2300,0.0847,0.0847,-0.4049,0.9012,1.9080,-1.1193,2.4983,0.7023,2.9221,0.0213,0.0152,-0.2203,0.2389
19046994,-0.0022,0.0476,-0.2214,0.5626,-0.0716,0.1661,-0.2300,0.2300,0.0817,0.0817,-0.5997,0.8688,4.6567,-1.6179,2.3148,0.7259,2.9157,0.0364,0.0436,-0.2198,0.2317
19051994,-0.0035,0.0503,-0.2410,0.5281,-0.1177,0.2027,-0.2300,0.2300,0.0776,0.0776,-0.8319,0.9706,6.5598,-2.9822,2.6981,0.7535,2.8992,0.0472,0.1029,-0.2181,0.2276
19056994,-0.0046,0.0528,-0.2651,0.4927,-0.1538,0.2300,-0.2300,0.2300,0.0722,0.0722,-1.0745,1.0571,8.8185,-3.9810,3.2616,0.8007,2.8834,0.0660,0.1043,-0.2161,0.2258
19061994,-0.0060,0.0551,-0.2474,0.4661,-0.2032,0.2300,-0.2300,0.2300,0.0657,0.0657,-1.2907,1.1651,11.1566,-5.1516,3.8124,0.8453,2.8534,0.0813,0.1449,-0.2186,0.2245
19066994,-0.0071,0.0571,-0.1985,0.4319,-0.1299,0.2300,-0.2300,0.2300,0.0576,0.0576,-1.6283,1.1772,15.6187,-5.3874,4.1549,0.9336,2.8318,0.1062,0.1758,-0.2226,0.2288
19071994,-0.0079,0.0590,-0.1338,0.3705,-0.0334,0.2300,-0.2300,0.2300,0.0487,0.0487,-1.7911,1.0929,18.4772,-4.9921,4.2403,1.0079,2.8008,0.1194,0.1896,-0.2326,0.2295
19076994,-0.0087,0.0606,-0.1439,0.3137,-0.1657,0.2300,-0.2300,0.2300,0.0396,0.0396,-1.8198,1.0037,19.0512,-4.4500,4.3559,1.1234,2.7830,0.1495,0.2266,-0.2363,0.2310
19081994,-0.0093,0.0618,-0.1115,0.2581,-0.4335,0.2300,-0.2300,0.2300,0.0315,0.0315,-1.6116,0.9259,17.9993,-3.4175,5.0954,1.1951,2.7609,0.1696,0.2287,-0.2391,0.2198
19086994,-0.0089,0.0630,0.0712,0.2673,-0.6834,0.1177,-0.2300,0.2300,0.0271,0.0271,-0.8755,1.0131,12.8506,-2.8395,6.6914,1.2807,2.7496,0.2079,0.2786,-0.2384,0.2162
19091994,-0.0077,0.0644,0.1588,0.3131,-0.7014,0.0441,-0.2300,0.2300,0.0240,0.0240,-0.6197,1.0662,11.9687,-1.9254,7.7028,1.3288,2.7370,0.2386,0.2465,-0.2384,0.2135
19096994,-0.0060,0.0659,0.2560,0.3002,-0.6687,-0.0441,-0.2300,0.2300,0.0226,0.0226,-0.2898,1.1430,10.5947,-1.3143,9.4763,1.3926,2.7318,0.2933,0.1824,-0.2403,0.2139
19101994,-0.0049,0.0671,0.1210,0.2309,-0.7319,0.0063,-0.2300,0.2300,0.0207,0.0207,-0.3825,1.0723,11.0671,-0.4273,10.3492,1.4366,2.7290,0.3262,0.1522,-0.2382,0.2141
19106994,-0.0039,0.0681,0.1191,0.1869,-0.8410,-0.0182,-0.2300,0.2300,0.0186,0.0186,-0.4057,1.1195,12.0954,-0.2940,11.6605,1.5072,2.7279,0.4039,0.0987,-0.2294,0.2235
19111994,-0.0033,0.0687,0.0968,0.1411,-0.8217,-0.0165,-0.2300,0.2300,0.0159,0.0159,-0.5470,1.2375,13.7910,-1.0432,13.0208,1.5624,2.7227,0.4564,0.0478,-0.2255,0.2181
19116994,-0.0024,0.0695,0.1283,0.1210,-0.7362,-0.0461,-0.2300,0.2300,0.0125,0.0125,-0.6826,1.3580,15.7839,-1.8807,13.9976,1.6562,2.7152,0.5256,0.0285,-0.2205,0.2240
19121994,-0.0014,0.0697,0.1863,0.0486,-0.7665,-0.0999,-0.2300,0.2300,0.0090,0.0090,-0.6880,1.3572,16.0421,-2.7832,14.0282,1.7207,2.6988,0.6106,0.0019,-0.2214,0.2258
19126994,0.0001,0.0697,0.2547,-0.0305,-0.7655,-0.1671,-0.2300,0.2300,0.0064,0.0064,-0.5274,1.2322,14.9386,-2.5412,13.6960,1.8127,2.6885,0.6656,-0.0212,-0.2308,0.2353
19131994,0.0019,0.0688,0.2899,-0.1860,-0.7228,-0.2231,-0.2300,0.2300,0.0048,0.0048,-0.3237,0.8589,12.7237,-1.4098,12.0444,1.8639,2.6787,0.7390,-0.0370,-0.2372,0.2345
19136994,0.0035,0.0675,0.2349,-0.2883,-0.7521,-0.2276,-0.2300,0.2300,0.0050,0.0050,0.0400,0.6971,8.1550,-0.8194,11.8781,1.9211,2.6752,0.7869,-0.0617,-0.2358,0.2316
19141994,0.0049,0.0656,0.1903,-0.3403,-0.7802,-0.2300,-0.2300,0.2300,0.0071,0.0071,0.4233,0.5577,3.0399,-0.4596,11.1137,1.9331,2.6719,0.8540,-0.1043,-0.2334,0.2330
19146994,0.0065,0.0638,0.2688,-0.3024,-0.6327,-0.2300,-0.2300,0.2300,0.0110,0.0110,0.7734,0.6040,-0.2204,-0.6559,11.0257,1.9339,2.6688,0.8982,-0.1322,-0.2286,0.2358
19151994,0.0080,0.0625,0.2792,-0.2040,-0.4173,-0.2300,-0.2300,0.2300,0.0145,0.0145,0.7133,0.7586,-0.1300,-1.6835,10.7226,1.9332,2.6604,0.9620,-0.2004,-0.2240,0.2335
19156994,0.0095,0.0615,0.2630,-0.1429,-0.2637,-0.2300,-0.2300,0.2300,0.0183,0.0183,0.7554,0.9400,-1.2070,-2.8427,11.1096,1.9279,2.6491,1.0066,-0.2219,-0.2161,0.2251
19161994,0.0106,0.0607,0.1915,-0.1802,-0.2796,-0.2300,-0.2300,0.2300,0.0216,0.0216,0.6655,0.9361,-2.1924,-4.1747,10.1954,1.9193,2.6255,1.0687,-0.2201,-0.2171,0.2360
19166994,0.0114,0.0595,0.1206,-0.2627,-0.2787,-0.2300,-0.2300,0.2300,0.0257,0.0257,0.8042,0.8798,-5.2293,-4.9463,9.7429,1.8925,2.6057,1.1079,-0.2071,-0.2200,0.2352
19171994,0.0119,0.0581,0.0733,-0.3161,-0.2216,-0.2300,-0.2300,0.2300,0.0308,0.0308,1.0376,0.8580,-9.3102,-5.9707,9.0978,1.8562,2.5712,1.1633,-0.1688,-0.2180,0.2380
19176994,0.0125,0.0563,0.0858,-0.3797,-0.2182,-0.2300,-0.2300,0.2300,0.0401,0.0401,1.8522,0.8387,-18.9090,-6.6792,8.9029,1.7535,2.5445,1.1986,-0.1578,-0.2217,0.2312
19181994,0.0132,0.0544,0.1411,-0.4068,-0.2020,-0.2300,-0.2300,0.2300,0.0520,0.0520,2.3863,0.9520,-24.7427,-7.9450,9.4041,1.6549,2.4983,1.2544,-0.1483,-0.2220,0.2249
19186994,0.0142,0.0521,0.1726,-0.4789,-0.1886,-0.2300,-0.2300,0.2300,0.0682,0.0682,3.2379,0.9448,-34.1963,-8.4823,9.6366,1.4607,2.4643,1.2929,-0.1532,-0.2217,0.2268
19191994,0.0153,0.0494,0.1927,-0.5644,-0.2897,-0.2300,-0.2300,0.2300,0.0873,0.0873,3.8108,0.8656,-40.7333,-8.7814,9.3608,1.2970,2.4114,1.3502,-0.0973,-0.2252,0.2322
19196994,0.0161,0.0461,0.1762,-0.6655,-0.2933,-0.2300,-0.2300,0.2300,0.1072,0.1072,3.9883,0.6665,-42.7991,-8.0619,8.7936,1.0407,2.3790,1.3853,-0.0309,-0.2389,0.2393
19201994,0.0177,0.0423,0.2752,-0.7737,-0.2353,-0.2300,-0.1155,0.2300,0.1281,0.1281,4.1714,0.4664,-43.5176,-7.2920,8.3503,0.8656,2.3348,1.4364,-0.0922,-0.2378,0.2343
19206994,0.0184,0.0389,0.1252,-0.6356,0.1260,-0.2300,-0.1455,0.2300,0.1434,0.1434,3.0603,0.5586,-32.7643,-7.1893,7.9310,0.6591,2.3063,1.4682,-0.1941,-0.2152,0.2401
19211994,0.0193,0.0351,0.1744,-0.7508,0.5240,-0.2300,0.0147,0.2300,0.1580,0.1580,2.9318,0.3508,-31.8667,-7.6938,6.2120,0.5327,2.2600,1.5076,-0.2394,-0.1916,0.2423
19216994,0.0190,0.0321,-0.0171,-0.5779,0.5573,-0.2300,-0.0723,0.2300,0.1683,0.1683,2.0519,0.4991,-24.5086,-7.9859,5.6585,0.3688,2.2283,1.5302,-0.3076,-0.1458,0.2367
19221994,0.0182,0.0285,-0.1158,-0.7162,0.6434,-0.2300,0.0232,0.2300,0.1769,0.1769,1.7230,0.4596,-23.1130,-9.8178,5.0991,0.2772,2.1706,1.5622,-0.2643,-0.0991,0.2399
19226994,0.0174,0.0250,-0.1051,-0.6875,0.5316,-0.2300,0.0607,0.2300,0.1837,0.1837,1.3615,0.3284,-19.2423,-9.1421,3.7484,0.1570,2.1336,1.5773,-0.2570,-0.0703,0.2439
19231994,0.0166,0.0216,-0.1097,-0.6735,0.7409,-0.2300,0.1101,0.2273,0.1903,0.1903,1.3160,0.3635,-19.1101,-9.6273,3.5380,0.0813,2.0772,1.5980,-0.2300,-0.0431,0.2337
19236994,0.0164,0.0180,-0.0461,-0.7694,0.9211,-0.2300,0.2300,0.1413,0.1985,0.1985,1.6489,0.2572,-21.7626,-9.2277,3.7934,-0.0455,2.0398,1.6131,-0.2089,-0.0127,0.2244
19241994,0.0154,0.0136,-0.2251,-0.8476,0.7940,-0.1654,0.2300,-0.0357,0.2083,0.2083,1.9579,0.1759,-25.0672,-7.1332,5.8647,-0.1448,1.9946,1.6441,-0.2003,0.0026,0.2107
19246994,0.0146,0.0092,-0.1912,-0.8894,0.7143,-0.1755,0.2300,-0.1319,0.2217,0.2217,2.6775,0.1493,-30.2959,-4.8653,8.3330,-0.3238,1.9745,1.6773,-0.1750,0.0327,0.1485
19251994,0.0136,0.0051,-0.2367,-0.8433,0.8190,-0.1273,0.2300,-0.1989,0.2360,0.2360,2.8641,0.2626,-29.5120,-2.0062,12.1076,-0.4431,1.9638,1.7457,-0.1800,0.0894,0.0977
19256994,0.0124,0.0007,-0.2532,-0.8363,1.0851,-0.0823,0.2300,-0.2300,0.2486,0.2486,2.5183,0.5846,-24.3565,-2.5998,15.6141,-0.5940,1.9533,1.8081,-0.1942,0.1530,0.0754
19261994,0.0109,-0.0028,-0.3491,-0.6826,1.1052,0.0036,0.2300,-0.2300,0.2596,0.2596,2.1923,1.0247,-20.5762,-3.2470,18.6843,-0.6764,1.9324,1.9180,-0.1725,0.1691,0.0480
19266994,0.0087,-0.0058,-0.4694,-0.5592,1.0313,0.1149,0.2300,-0.2300,0.2670,0.2670,1.4767,1.1460,-13.2211,-2.5107,19.4285,-0.7620,1.9225,1.9955,-0.1479,0.2014,0.0309
19271994,0.0059,-0.0087,-0.5712,-0.5357,0.8325,0.2197,0.2300,-0.2300,0.2721,0.2721,1.0304,0.8012,-10.5363,-1.2887,15.9118,-0.8042,1.9129,2.0996,-0.0897,0.2175,0.0411
19276994,0.0027,-0.0114,-0.6154,-0.5159,0.4327,0.2300,0.2300,-0.2300,0.2745,0.2745,0.4658,0.2453,-7.1289,0.0278,9.8176,-0.8499,1.9133,2.1403,-0.0372,0.2160,0.0478
19281994,0.0001,-0.0140,-0.5577,-0.4829,0.1691,0.2300,0.2300,-0.2300,0.2746,0.2746,0.0341,-0.6603,-6.0444,1.6614,-0.6200,-0.8740,1.9208,2.1449,-0.0081,0.2140,0.0016
19286994,-0.0027,-0.0165,-0.5870,-0.5061,0.2604,0.2300,0.2300,-0.2300,0.2732,0.2732,-0.2908,-1.1094,-3.4895,3.6629,-4.0900,-0.8987,1.9352,2.1279,0.0302,0.2050,-0.0371
19291994,-0.0056,-0.0188,-0.6341,-0.4740,0.3047,0.2300,0.2300,-0.2300,0.2707,0.2707,-0.4979,-1.3134,-0.5489,6.3748,-4.4205,-0.9015,1.9708,2.0963,0.0716,0.2075,-0.1326
19296994,-0.0092,-0.0208,-0.7599,-0.3882,0.1190,0.2300,0.2300,-0.2300,0.2679,0.2679,-0.5601,-1.4141,-0.4198,8.4316,-4.7713,-0.9027,2.0041,2.0775,0.1078,0.2004,-0.1730
19301994,-0.0127,-0.0223,-0.6768,-0.2581,-0.0811,0.2300,0.2006,-0.2300,0.2668,0.2668,-0.2269,-1.7156,-0.1042,14.3841,-4.4091,-0.9033,2.0813,2.0508,0.1521,0.1858,-0.1959
19306994,-0.0156,-0.0233,-0.5412,-0.1784,-0.0527,0.2300,0.1917,-0.2300,0.2674,0.2674,0.1218,-1.9904,0.3534,19.5773,-3.8264,-0.9020,2.1591,2.0354,0.1923,0.1566,-0.2361
19311994,-0.0177,-0.0241,-0.3876,-0.1692,0.0808,0.2300,0.2300,-0.2300,0.2700,0.2700,0.5366,-2.3910,1.2607,26.1481,-2.6014,-0.8969,2.3097,2.0184,0.2096,0.1258,-0.2411
19316994,-0.0193,-0.0252,-0.3005,-0.2086,0.1312,0.2300,0.2300,-0.2300,0.2738,0.2738,0.7411,-2.7553,2.6656,31.0616,-1.9376,-0.8816,2.4338,2.0108,0.2217,0.1516,-0.2393
19321994,-0.0204,-0.0261,-0.2123,-0.1280,0.1669,0.2300,0.2300,-0.2300,0.2795,0.2795,1.1468,-3.3239,2.8877,39.1221,-2.3057,-0.8702,2.6592,1.9976,0.2231,0.1617,-0.2292
19326994,-0.0213,-0.0263,-0.1720,-0.0418,0.2348,0.2300,0.2300,-0.2300,0.2854,0.2854,1.1743,-3.4857,4.4012,42.1589,-2.5120,-0.8454,2.8286,1.9876,0.2190,0.0559,-0.2251
19331994,-0.0225,-0.0268,-0.2712,-0.1081,0.0402,0.2300,0.2300,-0.2300,0.2900,0.2900,0.9191,-3.3298,4.0293,38.5748,-3.2171,-0.8291,3.0645,1.9689,0.2272,0.1051,-0.2255
19336994,-0.0226,-0.0271,-0.0648,-0.0269,-0.2426,0.2300,0.2300,-0.2300,0.2957,0.2957,1.1422,-3.2942,4.3053,39.3536,-3.0399,-0.8027,3.2210,1.9563,0.2278,0.1225,-0.2342
19341994,-0.0229,-0.0272,-0.0250,0.0067,-0.0175,0.2300,0.2300,-0.2300,0.3015,0.3015,1.1717,-3.1525,4.2622,38.5009,-2.5040,-0.7858,3.4587,1.9414,0.2285,0.1266,-0.2324
19346994,-0.0239,-0.0270,-0.2443,0.0354,-0.2677,0.2300,0.1487,-0.2300,0.3042,0.3042,0.5378,-2.8103,6.3655,33.9303,-3.0310,-0.7518,3.5937,1.9293,0.2114,0.1969,-0.2278
19351994,-0.0230,-0.0263,0.1500,0.1249,-0.3660,0.2300,0.2104,-0.2300,0.3097,0.3097,1.1026,-2.9069,7.2703,38.0076,-1.3937,-0.7217,3.8143,1.9185,0.2324,0.1674,-0.2423
19356994,-0.0235,-0.0255,-0.0684,0.2001,-0.1489,0.2300,0.1032,-0.2300,0.3143,0.3143,0.9127,-2.6770,6.6033,36.6336,-0.7731,-0.6834,3.9636,1.9158,0.2360,0.1859,-0.2327
19361994,-0.0239,-0.0246,-0.1133,0.1607,-0.5963,0.2300,0.0703,-0.2300,0.3167,0.3167,0.4842,-2.5476,9.1154,33.7606,-1.4716,-0.6473,4.1663,1.9075,0.2065,0.2138,-0.2258
19366994,-0.0235,-0.0232,0.0794,0.2245,-0.7579,0.2300,0.0675,-0.2300,0.3199,0.3199,0.6412,-2.5146,10.2245,34.6803,-0.9667,-0.5851,4.3044,1.9034,0.2289,0.1533,-0.2347
19371994,-0.0229,-0.0216,0.1591,0.3326,-0.6406,0.2300,0.0196,-0.2300,0.3235,0.3235,0.7230,-2.2974,10.4517,34.2043,-0.0350,-0.5437,4.5116,1.9027,0.2196,0.1385,-0.2347
19376994,-0.0223,-0.0201,0.1640,0.3244,-0.8281,0.2300,-0.0032,-0.2300,0.3262,0.3262,0.5257,-2.3212,12.7964,34.3957,-0.0546,-0.4694,4.6490,1.9025,0.2111,0.0878,-0.2312
19381994,-0.0213,-0.0181,0.2392,0.4139,-0.7597,0.2300,-0.0480,-0.2300,0.3285,0.3285,0.4667,-2.0136,13.0110,31.6426,0.0377,-0.4170,4.8445,1.9025,0.2322,0.0708,-0.2306
19386994,-0.0197,-0.0157,0.2917,0.4630,-0.9925,0.1955,-0.0931,-0.2174,0.3303,0.3303,0.3592,-1.7579,13.4662,28.9097,0.0090,-0.3375,4.9597,1.9026,0.2256,0.0543,-0.2305
19391994,-0.0183,-0.0137,0.3314,0.3690,-1.1345,0.1407,-0.0660,-0.2062,0.3308,0.3308,0.0994,-1.4272,14.0822,23.3714,-0.0039,-0.2810,5.1081,1.9026,0.2073,0.0455,-0.2262
19396994,-0.0169,-0.0110,0.2746,0.5651,-1.1647,0.1449,-0.2115,-0.0684,0.3300,0.3300,-0.1646,-0.8697,14.1106,18.6874,0.0121,-0.1972,5.1831,1.9026,0.1739,0.0145,-0.2080
19401994,-0.0147,-0.0079,0.4346,0.6649,-1.0859,0.0170,-0.2300,0.1047,0.3285,0.3285,-0.2880,-0.3200,14.3995,12.8432,0.0154,-0.1393,5.2665,1.9028,0.1572,-0.0319,-0.1892
19406994,-0.0127,-0.0043,0.4368,0.7413,-1.0291,-0.0225,-0.2300,0.2279,0.3265,0.3265,-0.4068,0.1646,13.5561,7.9606,0.4326,-0.0580,5.2988,1.9043,0.1331,-0.0627,-0.1709
19411994,-0.0104,-0.0009,0.4957,0.6930,-1.0282,-0.0995,-0.2300,0.2300,0.3235,0.3235,-0.6077,0.7463,13.2075,0.6148,1.2367,-0.0048,5.3096,1.9110,0.0922,-0.0799,-0.1313
19416994,-0.0081,0.0031,0.4603,0.7529,-0.9378,-0.1230,-0.2300,0.2300,0.3212,0.3212,-0.4538,0.7996,11.5565,1.0861,1.6396,0.0666,5.3148,1.9176,0.0742,-0.1663,-0.0869
19421994,-0.0054,0.0065,0.5565,0.7306,-0.5792,-0.2176,-0.2300,0.2300,0.3198,0.3198,-0.2842,0.8853,10.2436,-0.1268,1.8359,0.1081,5.3139,1.9288,0.0400,-0.1935,-0.0625
19426994,-0.0024,0.0100,0.6280,0.7144,-0.4592,-0.2300,-0.2300,0.2300,0.3200,0.3200,0.0491,0.8636,7.1464,-0.2841,1.6260,0.1543,5.3129,1.9353,0.0045,-0.2275,-0.0162
19431994,0.0012,0.0138,0.6802,0.7419,-0.4308,-0.2300,-0.2300,0.2300,0.3213,0.3213,0.2582,0.9205,4.9473,-0.9271,1.3718,0.1744,5.3079,1.9431,-0.0134,-0.2242,0.0211
19436994,0.0048,0.0172,0.6811,0.6735,-0.1855,-0.2300,-0.2300,0.2300,0.3247,0.3247,0.6764,0.9275,0.6797,-1.0192,2.2513,0.1840,5.3035,1.9519,-0.0471,-0.2281,0.0358
19441994,0.0084,0.0207,0.6829,0.6744,-0.0285,-0.2300,-0.2300,0.2300,0.3288,0.3288,0.8316,0.8666,-1.8567,-1.4148,1.0485,0.1750,5.2957,1.9607,-0.1072,-0.2265,0.0963
19446994,0.0116,0.0238,0.6316,0.5877,-0.0016,-0.2300,-0.2300,0.2300,0.3332,0.3332,0.8675,0.7881,-3.2364,-1.8503,0.7066,0.1581,5.2883,1.9631,-0.1277,-0.2242,0.1336
19451994,0.0148,0.0264,0.6353,0.5064,0.2067,-0.2300,-0.2300,0.2300,0.3381,0.3381,0.9882,0.7669,-5.2798,-2.9272,0.3763,0.1377,5.2717,1.9653,-0.1601,-0.2212,0.1533
19456994,0.0178,0.0284,0.5739,0.3937,0.2992,-0.2300,-0.2300,0.2300,0.3452,0.3452,1.4195,0.7339,-10.8994,-3.4819,0.7955,0.0799,5.2579,1.9685,-0.1751,-0.2204,0.1874
19461994,0.0204,0.0302,0.4710,0.3427,0.2494,-0.2300,-0.2300,0.2300,0.3539,0.3539,1.7411,0.8003,-16.2595,-4.7586,0.9617,0.0159,5.2306,1.9742,-0.1697,-0.2171,0.2274
19466994,0.0228,0.0316,0.4658,0.2569,0.2277,-0.2300,-0.2300,0.2300,0.3663,0.3663,2.4661,0.7743,-24.7211,-5.3103,1.0776,-0.1239,5.2093,1.9786,-0.1664,-0.2233,0.2302
19471994,0.0251,0.0326,0.4542,0.1625,0.2314,-0.2300,-0.2300,0.2300,0.3809,0.3809,2.9379,0.7390,-30.4047,-5.8648,1.1945,-0.2454,5.1749,1.9856,-0.1629,-0.2246,0.2285
19476994,0.0276,0.0335,0.4713,0.1518,0.2812,-0.2300,-0.2300,0.2300,0.3975,0.3975,3.3085,0.7710,-34.4426,-6.1397,1.3880,-0.4502,5.1503,1.9911,-0.1901,-0.2244,0.2278
19481994,0.0295,0.0341,0.3940,0.1597,0.5790,-0.2300,-0.2300,0.2300,0.4138,0.4138,3.2612,0.8299,-34.9011,-6.5572,1.5883,-0.5897,5.1118,2.0005,-0.2031,-0.2273,0.2279
19486994,0.0317,0.0343,0.4371,0.0589,0.6633,-0.2300,-0.1543,0.2300,0.4305,0.4305,3.3478,0.7605,-36.1265,-7.4307,1.0491,-0.8060,5.0821,2.0049,-0.1861,-0.2201,0.2358
19491994,0.0331,0.0348,0.2892,0.0648,0.6083,-0.2300,-0.1964,0.2300,0.4454,0.4454,2.9735,0.8260,-34.7513,-8.9276,0.2844,-0.9454,5.0303,2.0072,-0.2038,-0.2110,0.2347
19496994,0.0346,0.0353,0.2889,0.0709,0.8227,-0.2300,-0.1860,0.2300,0.4587,0.4587,2.6614,0.9008,-31.8753,-9.9792,0.1137,-1.1381,4.9901,2.0077,-0.2458,-0.1820,0.2340
19501994,0.0358,0.0352,0.2908,-0.0095,0.9834,-0.2300,-0.1272,0.2300,0.4720,0.4720,2.6560,0.8760,-32.3158,-10.8224,-0.0557,-1.2679,4.9261,2.0073,-0.2324,-0.1813,0.2315
19506994,0.0369,0.0356,0.2169,0.0082,1.0374,-0.2300,-0.1491,0.2300,0.4846,0.4846,2.5206,0.9513,-31.9207,-11.4673,0.0192,-1.4592,4.8803,2.0073,-0.2356,-0.1609,0.2294
19511994,0.0375,0.0355,0.1610,-0.0748,1.0860,-0.2300,-0.1163,0.2300,0.4976,0.4976,2.6065,0.9183,-33.8320,-12.0671,0.0162,-1.5939,4.8085,2.0073,-0.2083,-0.1450,0.2302
19516994,0.0385,0.0355,0.2156,-0.0776,1.0157,-0.2300,-0.0917,0.2300,0.5116,0.5116,2.8016,0.9565,-35.6378,-12.5192,0.0382,-1.8105,4.7586,2.0075,-0.2113,-0.1405,0.2295
19521994,0.0391,0.0349,0.1497,-0.1121,1.1547,-0.2300,-0.0718,0.2300,0.5253,0.5253,2.7287,0.9513,-35.7815,-12.9223,-0.0092,-1.9519,4.6816,2.0075,-0.1961,-0.1047,0.2301
19526994,0.0402,0.0339,0.2334,-0.1961,1.1782,-0.2300,0.0217,0.2300,0.5416,0.5416,3.2607,0.8262,-40.5040,-12.3096,-0.0134,-2.1901,4.6319,2.0075,-0.1210,-0.0864,0.2297
19531994,0.0408,0.0334,0.1429,-0.1588,1.0872,-0.2300,-0.0104,0.2300,0.5572,0.5572,3.1249,0.8599,-39.3328,-11.6722,0.6049,-2.3488,4.5628,2.0097,-0.1534,-0.0686,0.2239
19536994,0.0412,0.0327,0.1295,-0.1396,1.2726,-0.2300,-0.0011,0.2300,0.5714,0.5714,2.8422,0.9653,-35.8582,-11.8473,1.6029,-2.5640,4.5153,2.0167,-0.1840,-0.0241,0.2275
19541994,0.0417,0.0312,0.0867,-0.3335,1.2589,-0.2300,0.1122,0.2300,0.5862,0.5862,2.9592,0.5164,-37.4228,-9.9873,0.1534,-2.7137,4.4514,2.0198,-0.1782,-0.0160,0.2383
19546994,0.0419,0.0300,0.1042,-0.2990,1.1483,-0.2300,0.1186,0.2300,0.5988,0.5988,2.5245,0.4307,-31.3770,-8.3708,0.3526,-2.9132,4.4183,2.0205,-0.2485,-0.0142,0.2248
19551994,0.0415,0.0291,-0.0027,-0.2156,1.4171,-0.2300,0.0707,0.2300,0.6103,0.6103,2.2978,0.5331,-28.1118,-6.7083,2.3829,-3.0256,4.3763,2.0340,-0.2544,0.0273,0.2206
19556994,0.0418,0.0277,0.0959,-0.2856,1.4253,-0.2300,0.1575,0.2300,0.6204,0.6204,2.0114,0.5027,-24.8291,-8.0064,1.6105,-3.1774,4.3442,2.0410,-0.2649,0.0776,0.2325
19561994,0.0414,0.0269,-0.0861,-0.1851,1.1941,-0.2300,0.0596,0.2300,0.6284,0.6284,1.5971,0.6585,-21.9989,-8.1896,2.1981,-3.2658,4.2952,2.0518,-0.2595,0.0813,0.2227
19566994,0.0408,0.0261,-0.1268,-0.2013,1.3019,-0.2300,0.0681,0.2300,0.6358,0.6358,1.4829,0.7452,-20.1681,-7.9184,3.8611,-3.3854,4.2634,2.0669,-0.2418,0.0937,0.2078
19571994,0.0396,0.0249,-0.2505,-0.3048,1.2137,-0.2300,0.0874,0.2300,0.6439,0.6439,1.6215,0.9038,-21.3211,-7.8933,7.3080,-3.4702,4.2159,2.1065,-0.2236,0.0714,0.1999
19576994,0.0390,0.0239,-0.1411,-0.2260,1.1886,-0.2300,0.0900,0.2300,0.6538,0.6538,1.9797,1.1272,-22.3422,-7.1239,9.9824,-3.6043,4.1874,2.1463,-0.2301,0.0642,0.2029
19581994,0.0380,0.0234,-0.1790,-0.1839,1.3578,-0.2300,0.0649,0.2300,0.6650,0.6650,2.2483,1.4601,-22.4693,-5.8183,15.1325,-3.6944,4.1515,2.2286,-0.2254,0.0795,0.1803
19586994,0.0369,0.0229,-0.1912,-0.0965,1.4684,-0.2300,0.0197,0.2300,0.6760,0.6760,2.1943,1.8163,-20.0527,-5.6996,18.8084,-3.8182,4.1290,2.3037,-0.2475,0.0738,0.1731
19591994,0.0352,0.0226,-0.3317,-0.0715,1.4327,-0.2300,-0.0459,0.2300,0.6872,0.6872,2.2484,2.4517,-19.6655,-7.1594,25.2819,-3.8964,4.0881,2.4468,-0.2286,0.0661,0.1660
19596994,0.0331,0.0229,-0.4325,0.0205,1.5484,-0.2300,-0.1427,0.2300,0.6999,0.6999,2.5235,3.1936,-20.7664,-8.3312,32.5364,-4.0189,4.0549,2.5771,-0.2253,0.0266,0.1582
19601994,0.0313,0.0232,-0.3595,0.0061,1.5331,-0.2300,-0.1401,0.2300,0.7134,0.7134,2.7036,3.4092,-22.4273,-10.2402,33.5493,-4.1079,3.9952,2.7863,-0.2159,0.0153,0.2034
19606994,0.0289,0.0228,-0.4563,-0.0794,1.1541,-0.2300,-0.1563,0.2300,0.7267,0.7267,2.6627,3.2707,-24.4698,-11.2480,31.7993,-4.2559,3.9503,2.9118,-0.2162,-0.0303,0.2312
19611994,0.0263,0.0232,-0.5333,0.0513,1.4012,-0.1946,-0.2300,0.2300,0.7391,0.7391,2.4881,3.6652,-22.2828,-11.9032,34.5845,-4.3455,3.8766,3.1181,-0.2343,-0.0754,0.2370
19616994,0.0235,0.0225,-0.5479,-0.1399,1.7173,-0.1181,-0.1808,0.2300,0.7508,0.7508,2.3308,3.1320,-21.9073,-10.8850,31.1806,-4.4747,3.8331,3.2436,-0.2173,-0.1348,0.2598
19621994,0.0208,0.0219,-0.5565,-0.1732,1.4980,-0.0663,-0.1902,0.2300,0.7617,0.7617,2.1872,2.7135,-22.6149,-10.5556,26.5136,-4.5661,3.7721,3.4076,-0.1787,-0.1569,0.2707
19626994,0.0167,0.0214,-0.7825,-0.1411,1.3804,0.1383,-0.2300,0.2300,0.7696,0.7696,1.5724,2.8179,-19.7196,-12.4593,25.5486,-4.6889,3.7226,3.5092,-0.1730,-0.1664,0.2390
19631994,0.0128,0.0201,-0.7117,-0.2899,1.4855,0.1822,-0.2293,0.2194,0.7765,0.7765,1.3898,2.7855,-18.8555,-15.1405,24.3553,-4.7637,3.6329,3.6602,-0.1132,-0.1699,0.2465
19636994,0.0089,0.0187,-0.7272,-0.2975,1.3065,0.2300,-0.2300,0.1397,0.7828,0.7828,1.2455,2.5929,-19.3418,-15.8450,21.2711,-4.8794,3.5696,3.7452,-0.0677,-0.2156,0.2450
19641994,0.0052,0.0173,-0.7324,-0.3036,1.2967,0.2300,-0.2300,0.0746,0.7880,0.7880,1.0408,2.6533,-19.0809,-18.2216,19.7613,-4.9562,3.4639,3.8647,-0.0493,-0.2123,0.2166
19646994,0.0017,0.0145,-0.7395,-0.5754,-0.0997,0.2300,-0.1781,-0.1958,0.7918,0.7918,0.7606,2.3231,-17.5149,-19.3433,17.9131,-5.0622,3.3863,3.9372,-0.0182,-0.2129,0.2036
19651994,-0.0010,0.0116,-0.5076,-0.5803,-0.0044,0.2300,-0.0819,-0.2125,0.7952,0.7952,0.6964,1.6563,-17.2290,-18.1052,10.6629,-5.1316,3.2753,4.0082,0.0259,-0.2237,0.1923
19656994,-0.0045,0.0059,-0.6558,-1.1435,0.5585,0.2300,0.2300,-0.2300,0.7958,0.7958,0.1033,0.6477,-13.6945,-16.7295,6.3466,-5.2188,3.2083,4.0339,0.0334,-0.1992,0.1563
19661994,-0.0082,-0.0005,-0.7575,-1.2159,0.6446,0.2300,0.2300,-0.2300,0.7941,0.7941,-0.3326,-0.1824,-12.3053,-14.2690,-0.8879,-5.2695,3.1197,4.0351,0.0669,-0.1901,0.1388
19666994,-0.0119,-0.0077,-0.7789,-1.4639,0.6208,0.2300,0.2300,-0.2300,0.7888,0.7888,-1.0655,-0.5837,-5.3697,-14.3384,-2.9104,-5.3074,3.0627,4.0232,0.0940,-0.1314,0.0644
19671994,-0.0161,-0.0147,-0.8424,-1.4175,0.0359,0.2300,0.2300,-0.2300,0.7812,0.7812,-1.5082,-0.7998,-0.8205,-12.3570,-4.2997,-5.3105,2.9860,3.9983,0.1153,-0.0991,0.0049
19676994,-0.0208,-0.0212,-0.9096,-1.2785,-0.7851,0.2300,0.2300,-0.2300,0.7731,0.7731,-1.6260,-0.7263,0.1263,-11.5938,-4.3579,-5.3086,2.9398,3.9804,0.1944,-0.0462,-0.0240
19681994,-0.0244,-0.0277,-0.6726,-1.2993,-0.8239,0.2300,0.2300,-0.2300,0.7670,0.7670,-1.2165,-0.6470,0.0066,-10.4365,-1.9245,-5.3087,2.8752,3.9660,0.2333,-0.0196,-0.0899
19686994,-0.0272,-0.0332,-0.5379,-1.0592,-0.3526,0.2300,0.2300,-0.2300,0.7627,0.7627,-0.8674,-0.4614,-1.2214,-8.9410,-1.1271,-5.3141,2.8391,3.9618,0.2401,0.0128,-0.1255
19691994,-0.0290,-0.0385,-0.3299,-1.0354,-0.0184,0.2300,0.2300,-0.2300,0.7603,0.7603,-0.4769,-0.7162,-1.4843,-5.3366,-1.1364,-5.3200,2.8025,3.9569,0.2361,0.0226,-0.1382
19696994,-0.0308,-0.0436,-0.3879,-0.9756,-0.0359,0.2300,0.2300,-0.2300,0.7582,0.7582,-0.4240,-1.0239,-1.5067,-1.7204,-2.2732,-5.3305,2.7951,3.9477,0.2263,0.0508,-0.1680
19701994,-0.0327,-0.0485,-0.3488,-1.0067,-0.2787,0.2300,0.2300,-0.2300,0.7557,0.7557,-0.4907,-1.3127,-0.1298,0.1699,-3.7175,-5.3312,2.7970,3.9275,0.2180,0.1097,-0.2070
19706994,-0.0349,-0.0528,-0.4151,-0.9145,-0.7817,0.2300,0.2300,-0.2300,0.7531,0.7531,-0.5189,-1.4610,0.3122,2.6395,-4.3725,-5.3295,2.8107,3.9099,0.2251,0.1504,-0.2213
19711994,-0.0373,-0.0573,-0.3876,-0.9496,-1.2829,0.2300,0.2300,-0.2300,0.7508,0.7508,-0.4547,-1.7253,0.7074,4.9789,-5.0118,-5.3270,2.8300,3.8801,0.2223,0.1749,-0.2232
19716994,-0.0398,-0.0617,-0.3855,-0.9096,-1.0783,0.2300,0.2300,-0.2300,0.7493,0.7493,-0.3098,-2.1655,1.5537,10.7039,-5.5652,-5.3179,2.8867,3.8579,0.2227,0.1779,-0.2259
19721994,-0.0414,-0.0655,-0.2764,-0.7300,-0.7460,0.2300,0.2300,-0.2300,0.7494,0.7494,0.0156,-2.3512,2.0761,16.2310,-4.8577,-5.3096,2.9509,3.8268,0.2237,0.1562,-0.2331
19726994,-0.0425,-0.0688,-0.1521,-0.6665,-0.4827,0.2300,0.2300,-0.2300,0.7524,0.7524,0.6111,-2.9712,1.6734,25.8571,-4.2048,-5.2986,3.0962,3.8101,0.2284,0.1500,-0.2347
19731994,-0.0430,-0.0720,-0.0782,-0.6826,-0.4861,0.2300,0.2300,-0.2300,0.7571,0.7571,0.9238,-3.4130,1.6236,31.4517,-4.1890,-5.2923,3.2218,3.7852,0.2303,0.1504,-0.2299
19736994,-0.0432,-0.0754,0.0263,-0.6716,-0.7072,0.2300,0.2300,-0.2300,0.7636,0.7636,1.3020,-4.0444,2.4325,39.8453,-4.2267,-5.2789,3.4535,3.7684,0.2247,0.1031,-0.2308
19741994,-0.0441,-0.0793,-0.1429,-0.8436,-0.5856,0.2300,0.2300,-0.2300,0.7681,0.7681,0.9076,-4.1133,3.3366,37.5486,-5.1697,-5.2655,3.6075,3.7389,0.2182,0.1941,-0.2208
19746994,-0.0446,-0.0825,-0.0987,-0.6784,-0.4293,0.2300,0.2300,-0.2300,0.7718,0.7718,0.7356,-3.8474,4.6882,35.8603,-5.5589,-5.2383,3.8170,3.7160,0.2177,0.2026,-0.2343
19751994,-0.0448,-0.0869,0.0507,-0.8842,-0.5071,0.2300,0.2300,-0.2300,0.7765,0.7765,0.9512,-3.9851,4.6947,36.3066,-4.2690,-5.2195,3.9646,3.6892,0.2272,0.1834,-0.2404
19756995,-0.0461,-0.0921,-0.1753,-1.0198,-0.8016,0.2300,0.2300,-0.2300,0.7778,0.7778,0.2472,-3.6362,6.7115,29.7200,-4.5515,-5.1838,4.1510,3.6714,0.2206,0.2431,-0.2301
19761994,-0.0457,-0.0959,0.1283,-0.8131,-0.8340,0.2300,0.2300,-0.2300,0.7803,0.7803,0.5150,-3.3869,8.4490,31.0507,-2.7565,-5.1491,4.2736,3.6514,0.2153,0.2263,-0.2500
19766994,-0.0460,-0.0991,0.0461,-0.6426,-0.6916,0.2300,0.2300,-0.2300,0.7830,0.7830,0.5227,-3.0767,8.1782,30.9839,-1.0543,-5.0999,4.4637,3.6478,0.2292,0.2370,-0.2503
19771994,-0.0459,-0.1019,0.0528,-0.5803,-0.7915,0.2300,0.2300,-0.2300,0.7851,0.7851,0.4375,-2.9843,9.7368,31.4933,-0.2108,-5.0615,4.5885,3.6467,0.2101,0.2042,-0.2386
19776994,-0.0456,-0.1052,0.1481,-0.6432,-0.7442,0.2300,0.2300,-0.2300,0.7878,0.7878,0.5352,-3.1919,10.6537,33.5792,-0.0416,-4.9978,4.7914,3.6467,0.2175,0.2079,-0.2307
19781994,-0.0464,-0.1085,-0.0678,-0.7242,-1.1928,0.2300,0.2300,-0.2300,0.7882,0.7882,0.0725,-3.2123,11.8927,31.6268,-1.1950,-4.9506,4.9166,3.6417,0.2097,0.2393,-0.2224
19786994,-0.0466,-0.1119,0.1020,-0.7150,-1.5444,0.2300,0.2300,-0.2300,0.7894,0.7894,0.2384,-3.5920,14.1185,36.7620,-1.2066,-4.8668,5.1296,3.6363,0.2162,0.2116,-0.2320
19791994,-0.0473,-0.1146,0.0333,-0.5669,-1.2582,0.2300,0.2300,-0.2300,0.7908,0.7908,0.2819,-3.6110,14.1807,39.3798,-0.8136,-4.8101,5.2878,3.6320,0.2301,0.1301,-0.2282
19796994,-0.0485,-0.1172,-0.0797,-0.5626,-1.2164,0.2300,0.2300,-0.2300,0.7905,0.7905,-0.0523,-3.5953,16.1519,38.9211,-1.1774,-4.7165,5.5233,3.6271,0.2140,0.1277,-0.2265
19801994,-0.0487,-0.1189,0.1503,-0.4319,-1.3685,0.2300,0.2300,-0.2300,0.7919,0.7919,0.2712,-3.5056,16.4709,40.7903,0.0918,-4.6501,5.6856,3.6262,0.2335,0.0531,-0.2375
19806994,-0.0477,-0.1211,0.3580,-0.4774,-1.0649,0.2300,0.2300,-0.2300,0.7953,0.7953,0.6786,-3.6647,15.2574,42.6597,0.5029,-4.5581,5.9420,3.6286,0.2467,0.0262,-0.2292
19811994,-0.0480,-0.1241,0.1558,-0.6613,-1.3614,0.2300,0.2300,-0.2300,0.7955,0.7955,0.0505,-3.3710,16.0652,35.2251,-0.6392,-4.4936,6.0869,3.6263,0.2199,0.2037,-0.2260
19816994,-0.0469,-0.1254,0.3940,-0.3561,-1.7173,0.2300,0.2300,-0.2300,0.7961,0.7961,0.1096,-2.9097,17.4417,33.6163,-0.2183,-4.3900,6.2791,3.6246,0.2120,0.2188,-0.2348
19821994,-0.0461,-0.1279,0.3561,-0.5608,-1.2057,0.2300,0.2300,-0.2300,0.7970,0.7970,0.1798,-3.1993,16.9175,34.9468,0.0184,-4.3223,6.4209,3.6256,0.2358,0.1868,-0.2285
19826994,-0.0471,-0.1302,-0.0092,-0.4771,-1.4922,0.2300,0.2300,-0.2300,0.7939,0.7939,-0.6146,-2.8004,19.3894,30.4407,-0.4067,-4.2116,6.6058,3.6241,0.2065,0.2540,-0.2248
19831994,-0.0465,-0.1325,0.3173,-0.5092,-1.8654,0.2300,0.2300,-0.2300,0.7921,0.7921,-0.3658,-2.8930,21.2551,32.1399,0.4422,-4.1255,6.7337,3.6252,0.2275,0.2119,-0.2372
19836994,-0.0466,-0.1348,0.2144,-0.5388,-1.4861,0.2300,0.2300,-0.2300,0.7903,0.7903,-0.3563,-2.9911,20.7487,33.4493,0.8445,-4.0016,6.9339,3.6288,0.2238,0.2146,-0.2289
19841994,-0.0460,-0.1368,0.3140,-0.4853,-1.6760,0.2300,0.2300,-0.2300,0.7891,0.7891,-0.2308,-3.1929,21.4501,36.3244,0.3908,-3.9155,7.0782,3.6302,0.2302,0.1850,-0.2293
19846994,-0.0455,-0.1382,0.3427,-0.3076,-1.6779,0.2300,0.2300,-0.2300,0.7888,0.7888,-0.0700,-3.2340,21.3596,39.3471,0.5524,-3.7867,7.3155,3.6329,0.2296,0.1231,-0.2303
19851994,-0.0451,-0.1403,0.2822,-0.4756,-1.6928,0.2300,0.2300,-0.2300,0.7869,0.7869,-0.3876,-3.1982,22.4712,36.1204,0.0077,-3.6975,7.4607,3.6330,0.2174,0.1730,-0.2277
19856994,-0.0451,-0.1419,0.2355,-0.3958,-2.0300,0.2300,0.2300,-0.2300,0.7836,0.7836,-0.6430,-3.2102,25.2075,37.3709,0.0040,-3.5479,7.6804,3.6329,0.2233,0.1544,-0.2287
19861994,-0.0447,-0.1437,0.3870,-0.4511,-1.9259,0.2300,0.2300,-0.2300,0.7816,0.7816,-0.4154,-3.3696,24.8285,38.6243,-0.0860,-3.4485,7.8347,3.6326,0.2219,0.0993,-0.2287
19866994,-0.0455,-0.1456,0.1408,-0.4627,-1.7903,0.2300,0.2300,-0.2300,0.7778,0.7778,-0.7497,-3.3075,24.8614,37.0901,-0.6546,-3.2994,8.0615,3.6304,0.2293,0.1452,-0.2276
19871994,-0.0452,-0.1471,0.4019,-0.3571,-2.1027,0.2300,0.2300,-0.2300,0.7750,0.7750,-0.5683,-3.0493,25.8483,36.3328,0.5340,-3.1960,8.2059,3.6312,0.2208,0.1634,-0.2362
19876994,-0.0439,-0.1477,0.5764,-0.1839,-1.8953,0.2300,0.2300,-0.2300,0.7734,0.7734,-0.3234,-2.9729,26.2081,38.3123,1.2496,-3.0383,8.4345,3.6361,0.2291,0.1352,-0.2397
19881994,-0.0431,-0.1490,0.4707,-0.3467,-1.9289,0.2300,0.2300,-0.2300,0.7705,0.7705,-0.5713,-3.0170,26.7718,36.4057,0.9203,-2.9314,8.5810,3.6432,0.2234,0.1666,-0.2248
19886994,-0.0422,-0.1504,0.5021,-0.3913,-2.3520,0.2300,0.2300,-0.2300,0.7671,0.7671,-0.6775,-3.0056,27.3068,34.9470,0.2346,-2.7673,8.7880,3.6440,0.2245,0.2008,-0.2236
19891994,-0.0414,-0.1514,0.4685,-0.2807,-2.2307,0.2300,0.2300,-0.2300,0.7641,0.7641,-0.6088,-3.0446,26.9095,36.7574,0.1224,-2.6592,8.9350,3.6445,0.2503,0.1500,-0.2294
19896994,-0.0412,-0.1525,0.3348,-0.2462,-2.1018,0.2300,0.2300,-0.2300,0.7597,0.7597,-0.8784,-2.9766,28.1164,36.2595,0.0485,-2.4932,9.1563,3.6449,0.2215,0.1769,-0.2270
19901994,-0.0409,-0.1532,0.4032,-0.1826,-2.2945,0.2300,0.2300,-0.2300,0.7550,0.7550,-0.9245,-2.8470,28.9439,35.3825,0.0317,-2.3778,9.2976,3.6448,0.2110,0.1809,-0.2305
19906994,-0.0407,-0.1540,0.4023,-0.2850,-2.3061,0.2300,0.2300,-0.2300,0.7501,0.7501,-0.9876,-3.1204,30.5055,37.6051,-0.0028,-2.1962,9.5186,3.6448,0.2087,0.1720,-0.2301
19911994,-0.0401,-0.1545,0.5165,-0.1729,-2.3156,0.2300,0.2300,-0.2300,0.7458,0.7458,-0.8666,-3.1314,31.1167,39.2511,0.0398,-2.0715,9.6766,3.6449,0.2296,0.1124,-0.2301
19916994,-0.0393,-0.1552,0.5315,-0.1909,-2.2701,0.2300,0.2300,-0.2300,0.7417,0.7417,-0.8079,-3.2249,30.9730,40.1373,-0.0331,-1.8864,9.9183,3.6448,0.2202,0.0717,-0.2298
19921994,-0.0386,-0.1565,0.4630,-0.3213,-2.3144,0.2300,0.2300,-0.2300,0.7365,0.7365,-1.0522,-3.1718,31.8410,37.7462,-0.0187,-1.7589,10.0696,3.6446,0.2162,0.1562,-0.2307
19926994,-0.0378,-0.1562,0.5034,-0.0394,-2.4830,0.2300,0.2300,-0.2300,0.7311,0.7311,-1.0756,-2.9577,32.9615,38.7076,0.0597,-1.5614,10.2964,3.6448,0.2230,0.1297,-0.2334
19931994,-0.0363,-0.1567,0.7141,-0.1619,-2.2829,0.2300,0.2300,-0.2300,0.7275,0.7275,-0.7262,-3.2012,32.2179,40.3897,0.2169,-1.4328,10.4591,3.6471,0.2281,0.0792,-0.2321
19936994,-0.0366,-0.1575,0.3097,-0.2092,-2.3684,0.2300,0.2300,-0.2300,0.7200,0.7200,-1.4848,-2.8053,33.2807,34.2027,-0.1952,-1.2367,10.6709,3.6460,0.2296,0.1682,-0.2287
19941994,-0.0349,-0.1574,0.7156,-0.0800,-2.6403,0.2121,0.2300,-0.2300,0.7145,0.7145,-1.1117,-2.8031,34.9563,36.6639,0.6100,-1.0964,10.8161,3.6487,0.2212,0.1488,-0.2385
19946994,-0.0340,-0.1576,0.5922,-0.1109,-2.3486,0.2300,0.2300,-0.2300,0.7095,0.7095,-0.9981,-2.8678,32.9059,37.4167,0.9678,-0.8952,11.0473,3.6529,0.2200,0.1467,-0.2343
19951994,-0.0335,-0.1580,0.4502,-0.1585,-2.5138,0.2300,0.2300,-0.2300,0.7029,0.7029,-1.3226,-2.7753,33.3116,34.6297,0.0433,-0.7632,11.1837,3.6529,0.2068,0.1836,-0.2263
19956994,-0.0317,-0.1587,0.7138,-0.1787,-2.5181,0.1538,0.2300,-0.2300,0.6976,0.6976,-1.0484,-3.0163,34.7491,37.9651,0.5216,-0.5550,11.4084,3.6548,0.2160,0.1457,-0.2307
19961994,-0.0310,-0.1586,0.4908,-0.0418,-2.4399,0.2300,0.2300,-0.2300,0.6912,0.6912,-1.2952,-2.9147,34.7819,37.8728,0.0058,-0.4158,11.5599,3.6556,0.2103,0.1433,-0.2271
19966994,-0.0302,-0.1593,0.5360,-0.1735,-2.6003,0.2197,0.2300,-0.2300,0.6846,0.6846,-1.3177,-3.1048,35.7934,38.6174,-0.0006,-0.2027,11.7909,3.6555,0.1923,0.1321,-0.2295
19971994,-0.0295,-0.1588,0.5486,0.0620,-2.4973,0.2018,0.2300,-0.2300,0.6783,0.6783,-1.2550,-3.0205,36.0986,40.5873,0.0195,-0.0577,11.9522,3.6554,0.1920,0.0737,-0.2305
19976994,-0.0279,-0.1586,0.6854,-0.0394,-2.5514,0.0929,0.2300,-0.2300,0.6724,0.6724,-1.1740,-2.9829,35.9330,38.7468,0.0410,0.1566,12.1891,3.6554,0.2031,0.1187,-0.2297
19981994,-0.0263,-0.1581,0.7871,0.0409,-2.6754,-0.0007,0.2300,-0.2300,0.6670,0.6670,-1.0806,-2.9903,36.4765,39.8322,0.0311,0.3022,12.3471,3.6554,0.1663,0.0667,-0.2303
19986994,-0.0247,-0.1578,0.7523,0.0336,-2.5752,-0.0098,0.2300,-0.2300,0.6612,0.6612,-1.1590,-2.9206,36.4481,38.6901,-0.0558,0.5227,12.5842,3.6551,0.1565,0.1107,-0.2275
19991994,-0.0233,-0.1569,0.6710,0.1481,-2.7499,-0.0006,0.2300,-0.2300,0.6557,0.6557,-1.1131,-2.6689,34.4369,36.9385,0.0351,0.6607,12.7317,3.6544,0.1270,0.1498,-0.2312
19996994,-0.0211,-0.1558,0.8189,0.1768,-2.6797,-0.1246,0.2300,-0.2300,0.6515,0.6515,-0.8240,-2.7840,33.8345,38.8994,0.1995,0.8636,12.9617,3.6553,0.1088,0.1260,-0.2309
20001994,-0.0203,-0.1543,0.5657,0.2859,-2.5596,0.0048,0.2300,-0.2300,0.6463,0.6463,-1.0560,-2.6236,32.9754,37.7115,-0.2838,0.9961,13.1142,3.6542,0.0770,0.1582,-0.2262
20006994,-0.0192,-0.1525,0.6002,0.3164,-2.7203,-0.0439,0.2300,-0.2300,0.6421,0.6421,-0.8301,-2.4629,30.0554,35.7509,-0.4995,1.1793,13.3254,3.6517,0.0292,0.1810,-0.2266
20011994,-0.0173,-0.1506,0.7535,0.3726,-2.5624,-0.1629,0.2300,-0.2300,0.6403,0.6403,-0.3711,-2.5208,27.9779,37.8316,0.1627,1.2915,13.4770,3.6527,0.0117,0.1590,-0.2339
20016994,-0.0161,-0.1483,0.5620,0.4633,-2.3929,-0.0742,0.2300,-0.2300,0.6380,0.6380,-0.4491,-2.2813,25.7196,35.5203,-0.1721,1.4486,13.6967,3.6521,-0.0144,0.1783,-0.2236
20021994,-0.0146,-0.1459,0.6429,0.4682,-2.5468,-0.1569,0.2300,-0.2300,0.6370,0.6370,-0.1988,-2.2914,23.2900,34.8069,-1.0162,1.5649,13.8350,3.6458,-0.0539,0.2182,-0.2234
20026994,-0.0126,-0.1438,0.6869,0.3931,-2.3926,-0.2145,0.2300,-0.2300,0.6370,0.6370,-0.0022,-2.5407,22.3170,36.6298,-1.3895,1.6550,14.0529,3.6405,-0.0767,0.1905,-0.2233
20031994,-0.0107,-0.1408,0.7037,0.6191,-2.2600,-0.2300,0.2300,-0.2300,0.6376,0.6376,0.1129,-2.5651,20.3386,37.0570,-4.1172,1.7793,14.2009,3.6194,-0.1130,0.1955,-0.2081
20036994,-0.0091,-0.1378,0.6304,0.6341,-2.2002,-0.2300,0.2300,-0.2300,0.6381,0.6381,0.1067,-2.6824,18.5520,36.5626,-6.2624,1.8540,14.4222,3.5948,-0.1315,0.1756,-0.2029
20041994,-0.0081,-0.1345,0.4542,0.6310,-2.1525,-0.1690,0.2300,-0.2300,0.6381,0.6381,-0.0045,-2.9669,14.7274,34.6393,-11.7471,1.9455,14.5609,3.5314,-0.1721,0.2258,-0.1775
20046994,-0.0062,-0.1304,0.6411,0.8589,-2.1455,-0.2300,0.2300,-0.2300,0.6392,0.6392,0.2257,-2.9439,12.8835,34.2946,-14.6833,1.9968,14.7663,3.4724,-0.1804,0.2200,-0.1941
20051994,-0.0049,-0.1267,0.4957,0.6897,-2.0212,-0.2300,0.2300,-0.2300,0.6395,0.6395,0.0549,-3.4154,10.9638,33.6398,-19.1943,2.0650,14.9012,3.3646,-0.1719,0.2418,-0.1848
20056994,-0.0044,-0.1230,0.4053,0.7401,-2.0994,-0.2145,0.2300,-0.2300,0.6389,0.6389,-0.1101,-3.8119,9.2357,33.5654,-24.9950,2.1023,15.1015,3.2665,-0.2088,0.2480,-0.1527
20061994,-0.0047,-0.1198,0.2285,0.6707,-2.1394,-0.1116,0.2300,-0.2300,0.6365,0.6365,-0.4835,-4.4956,5.6882,31.0246,-35.4072,2.1393,15.2257,3.0656,-0.1928,0.2436,-0.1476
20066994,-0.0040,-0.1160,0.3286,0.7847,-2.0572,-0.1751,0.2300,-0.2300,0.6338,0.6338,-0.5535,-4.8143,5.5245,31.5448,-40.4414,2.1607,15.4127,2.9024,-0.1996,0.2203,-0.1129
20071994,-0.0033,-0.1120,0.3922,0.7874,-1.8602,-0.2172,0.2300,-0.2300,0.6311,0.6311,-0.5297,-5.0802,6.0389,33.3774,-42.0650,2.1972,15.5460,2.6530,-0.1719,0.2344,-0.0552
20076994,-0.0032,-0.1078,0.2526,0.8668,-1.9130,-0.1422,0.2300,-0.2300,0.6268,0.6268,-0.8607,-5.0599,6.3715,31.8056,-44.3916,2.2223,15.7400,2.4752,-0.1989,0.2384,-0.0120
20081994,-0.0033,-0.1032,0.1521,0.8955,-1.9234,-0.0852,0.2300,-0.2300,0.6216,0.6216,-1.0483,-4.8263,6.4693,29.5522,-44.0082,2.2619,15.8578,2.2104,-0.2040,0.2415,-0.0099
20086994,-0.0037,-0.0989,0.0583,0.8796,-1.8556,-0.0227,0.2300,-0.2300,0.6160,0.6160,-1.1041,-4.9275,5.9585,30.0039,-44.6517,2.2860,16.0368,2.0319,-0.1532,0.2317,-0.0141
20091994,-0.0047,-0.0941,-0.0403,0.9245,-1.8104,0.0522,0.2300,-0.2300,0.6102,0.6102,-1.1777,-4.7988,6.2455,30.1042,-43.4733,2.3222,16.1575,1.7695,-0.1222,0.2235,-0.0128
20096994,-0.0067,-0.0894,-0.2144,0.9276,-1.7026,0.1928,0.2300,-0.2300,0.6030,0.6030,-1.4363,-4.7637,6.8460,29.5695,-43.5913,2.3495,16.3343,1.5952,-0.1034,0.2261,-0.0038
20101994,-0.0089,-0.0853,-0.2834,0.8204,-1.5468,0.2300,0.2300,-0.2300,0.5957,0.5957,-1.4565,-4.7170,8.0761,30.5376,-40.6569,2.3967,16.4561,1.3431,-0.0609,0.2271,-0.0573
20106994,-0.0105,-0.0810,-0.2028,0.8916,-1.2872,0.2300,0.2300,-0.2300,0.5898,0.5898,-1.1720,-4.6424,9.0022,33.9749,-37.2082,2.4325,16.6562,1.1963,-0.0219,0.2116,-0.1635
20111994,-0.0117,-0.0762,-0.1353,0.9963,-1.1363,0.2300,0.2300,-0.2300,0.5848,0.5848,-1.0134,-4.5066,10.1973,36.1624,-34.6534,2.4928,16.8005,0.9829,0.0018,0.1655,-0.1945
20116994,-0.0130,-0.0711,-0.1726,1.0024,-0.8950,0.2300,0.2300,-0.2300,0.5797,0.5797,-1.0178,-4.3611,11.3769,36.9219,-32.1324,2.5381,17.0247,0.8563,0.0356,0.1543,-0.2335
20121994,-0.0151,-0.0659,-0.4081,1.0345,-0.9549,0.2300,0.2300,-0.2300,0.5718,0.5718,-1.5759,-4.2234,12.5305,33.6714,-34.0159,2.6140,17.1601,0.6539,0.0888,0.2181,-0.2276
20126994,-0.0166,-0.0605,-0.2792,1.1035,-1.0484,0.2300,0.2300,-0.2300,0.5647,0.5647,-1.4269,-4.0021,12.8075,33.2157,-32.5323,2.6647,17.3566,0.5235,0.1073,0.2283,-0.2382
20131994,-0.0190,-0.0549,-0.4032,1.1356,-0.7634,0.2300,0.0992,-0.2300,0.5573,0.5573,-1.4708,-3.8031,13.7202,34.0399,-29.6128,2.7450,17.4937,0.3429,0.1443,0.2275,-0.2488
20136994,-0.0216,-0.0489,-0.4520,1.1939,-0.6852,0.2300,-0.0697,-0.2300,0.5485,0.5485,-1.7531,-3.6281,16.2844,33.2829,-28.9127,2.8101,17.6934,0.2264,0.1850,0.2112,-0.2441
20141994,-0.0241,-0.0433,-0.4878,1.1729,-0.5951,0.2300,-0.1901,-0.2300,0.5391,0.5391,-1.8801,-3.5090,18.4263,33.5677,-26.8933,2.9189,17.8276,0.0615,0.1966,0.1786,-0.2538
20146994,-0.0263,-0.0369,-0.4316,1.3149,-0.4677,0.2300,-0.2300,-0.2300,0.5317,0.5317,-1.4924,-3.5404,18.7291,38.7943,-24.0123,2.9942,18.0515,-0.0341,0.2268,0.1329,-0.2637
20151994,-0.0281,-0.0295,-0.3244,1.4914,-0.3813,0.2300,-0.2300,-0.2092,0.5263,0.5263,-1.0705,-3.2227,18.9065,41.6127,-19.4907,3.1064,18.2185,-0.1542,0.2304,0.0718,-0.2734
20156994,-0.0292,-0.0223,-0.1885,1.4517,-0.1064,0.2300,-0.2300,-0.0637,0.5232,0.5232,-0.6222,-3.0996,18.7424,43.8656,-15.2387,3.1815,18.4804,-0.2160,0.2353,0.0045,-0.2690
20161994,-0.0297,-0.0148,-0.1210,1.4694,0.0805,0.2300,-0.2300,0.0992,0.5223,0.5223,-0.1880,-2.4058,19.1663,43.9959,-6.5330,3.2962,18.6574,-0.2634,0.2262,0.0088,-0.2701
20166994,-0.0290,-0.0072,0.1478,1.5589,0.0784,0.2300,-0.2300,0.2300,0.5232,0.5232,0.1889,-1.8508,19.5946,42.4944,-2.0707,3.3748,18.9125,-0.2716,0.2279,0.0019,-0.2141
20171994,-0.0285,0.0009,0.1405,1.6530,0.0991,0.2300,-0.2300,0.2300,0.5243,0.5243,0.2114,-1.5763,20.6771,42.5811,0.3102,3.4972,19.0831,-0.2689,0.2159,-0.0176,-0.1662
20176994,-0.0277,0.0086,0.1249,1.5855,0.2079,0.2300,-0.2300,0.2300,0.5240,0.5240,-0.0467,-1.4174,22.2893,39.8446,0.5178,3.5864,19.3273,-0.2670,0.2198,-0.0348,-0.0997
20181994,-0.0267,0.0163,0.1494,1.5510,0.1841,0.2300,-0.2300,0.2300,0.5224,0.5224,-0.3308,-1.2112,24.7321,37.1166,0.9095,3.7326,19.4755,-0.2624,0.2127,-0.0636,-0.0532
20186994,-0.0259,0.0245,0.1487,1.6915,0.0368,0.2300,-0.2300,0.2300,0.5196,0.5196,-0.5653,-0.5813,24.8430,31.2982,1.4616,3.8323,19.6721,-0.2571,0.2277,-0.0841,-0.0350
20191994,-0.0247,0.0326,0.2532,1.6655,-0.0966,0.2300,-0.2300,0.2300,0.5159,0.5159,-0.7244,0.0023,26.3099,25.7423,3.7930,3.9886,19.7756,-0.2371,0.2163,-0.1116,-0.0052
20196994,-0.0230,0.0412,0.3684,1.7486,-0.1519,0.2300,-0.2300,0.2300,0.5112,0.5112,-0.9519,0.8874,26.3155,16.6624,5.1391,4.0940,19.8858,-0.2165,0.2228,-0.1262,0.0376
20201994,-0.0206,0.0504,0.4954,1.8253,-0.4070,0.1319,-0.2300,0.2300,0.5057,0.5057,-1.0881,1.6685,26.7673,9.5381,7.1607,4.2531,19.9247,-0.1757,0.2166,-0.1427,0.0577
20206994,-0.0174,0.0594,0.6460,1.7944,-0.5013,-0.0156,-0.2300,0.2300,0.4980,0.4980,-1.5489,2.4470,28.8439,-0.4413,7.6974,4.3677,19.9294,-0.1446,0.1919,-0.1358,0.1080
20211994,-0.0155,0.0686,0.3403,1.8195,-0.2127,0.1265,-0.2300,0.2300,0.4883,0.4883,-1.9445,2.3519,31.1230,1.3665,7.9605,4.5550,19.9326,-0.0970,0.1571,-0.2249,0.1589
20216994,-0.0125,0.0769,0.5632,1.6243,-0.0398,-0.0504,-0.2300,0.2300,0.4805,0.4805,-1.5443,1.9388,30.6559,4.0764,7.9054,4.6779,19.9570,-0.0653,0.1476,-0.2429,0.1795
20221994,-0.0106,0.0845,0.3164,1.5281,-0.2683,0.0364,-0.2300,0.2300,0.4736,0.4736,-1.3898,1.7411,28.6269,6.9641,9.5104,4.8526,19.9842,-0.0096,0.1375,-0.2601,0.2148
20226994,-0.0076,0.0911,0.6096,1.3552,-0.3104,-0.1890,-0.2300,0.2300,0.4693,0.4693,-0.8554,1.4592,26.1743,7.8412,9.0474,4.9576,20.0330,0.0267,0.0997,-0.2396,0.2300
20231994,-0.0047,0.0970,0.5837,1.1628,-0.1336,-0.2275,-0.2300,0.2300,0.4675,0.4675,-0.3679,1.3872,21.3706,7.9838,10.7933,5.0912,20.0648,0.0884,0.0756,-0.2327,0.2190
20236994,-0.0015,0.1031,0.6811,1.2489,0.0145,-0.2300,-0.2300,0.2300,0.4677,0.4677,0.0439,1.7370,17.3672,5.8669,12.1216,5.1609,20.1038,0.1367,0.0455,-0.2200,0.2140
20241994,0.0016,0.1098,0.6390,1.3506,-0.0071,-0.2300,-0.2300,0.2300,0.4696,0.4696,0.3778,2.2344,14.2774,4.3727,15.7576,5.2486,20.1208,0.2286,-0.0118,-0.2123,0.2099
20246994,0.0048,0.1163,0.6258,1.2935,0.1740,-0.2300,-0.2300,0.2300,0.4723,0.4723,0.5360,2.2136,12.3520,4.1108,16.0049,5.2985,20.1452,0.2921,-0.0316,-0.2271,0.2089
20251994,0.0076,0.1222,0.5974,1.2080,0.2445,-0.2300,-0.2300,0.2300,0.4761,0.4761,0.7663,2.2226,9.9089,3.9429,17.0830,5.3579,20.1609,0.3943,-0.0876,-0.2294,0.2174
20256994,0.0103,0.1280,0.5479,1.1374,0.2131,-0.2300,-0.2300,0.2300,0.4821,0.4821,1.2050,2.2285,4.7372,3.8780,18.0188,5.3776,20.1841,0.4669,-0.0936,-0.2297,0.2325
20261994,0.0126,0.1331,0.5211,1.0061,0.3203,-0.2300,-0.2300,0.2300,0.4907,0.4907,1.7233,1.9612,-2.7217,3.8232,16.1930,5.3696,20.1994,0.5663,-0.1081,-0.2277,0.2472
20266994,0.0151,0.1374,0.5922,0.8289,0.4299,-0.2300,-0.2300,0.2300,0.5015,0.5015,2.1567,1.8029,-7.9776,2.8559,15.4433,5.3382,20.2186,0.6277,-0.1392,-0.2246,0.2420
20271994,0.0177,0.1409,0.5971,0.6723,0.4776,-0.2300,-0.2300,0.2300,0.5156,0.5156,2.8070,1.6698,-16.8415,1.6720,14.4959,5.2468,20.2253,0.7170,-0.1506,-0.2164,0.2413
20276994,0.0207,0.1438,0.6020,0.5986,0.3881,-0.2300,-0.2300,0.2300,0.5318,0.5318,3.2541,1.7680,-22.9435,-0.1390,14.8309,5.1555,20.2255,0.7631,-0.1499,-0.2160,0.2189
20281994,0.0239,0.1463,0.6518,0.5171,0.3563,-0.2300,-0.2300,0.2300,0.5526,0.5526,4.1563,1.8162,-32.4267,-0.3709,16.1773,4.9721,20.2238,0.8723,-0.1507,-0.2247,0.2164
20286994,0.0271,0.1493,0.6695,0.5678,0.4137,-0.2300,-0.2300,0.2300,0.5760,0.5760,4.6733,2.0168,-38.2729,-1.1945,17.1991,4.8173,20.2182,0.9408,-0.1801,-0.2232,0.2106
20291994,0.0291,0.1537,0.5226,0.9093,0.7635,-0.2300,-0.2300,0.2300,0.5966,0.5966,4.1265,2.7309,-30.8115,-1.3293,21.9831,4.6193,20.2123,1.0669,-0.2363,-0.2282,0.2033
20296994,0.0312,0.1578,0.5721,0.8302,1.1917,-0.2300,-0.2300,0.2300,0.6182,0.6182,4.3256,2.7020,-32.2836,-1.3412,22.5994,4.4937,20.2047,1.1597,-0.1974,-0.2270,0.2429
20301994,0.0336,0.1613,0.6029,0.6509,0.7604,-0.2300,-0.2300,0.2300,0.6394,0.6394,4.2281,1.9811,-34.6153,-1.0052,15.8394,4.2824,20.2005,1.2594,-0.2371,-0.2340,0.2571
20306994,0.0353,0.1650,0.4719,0.6811,0.8694,-0.2300,-0.2300,0.2300,0.6580,0.6580,3.7322,2.1151,-31.8795,-3.0281,15.1389,4.1551,20.1873,1.3060,-0.2442,-0.2093,0.2497
20311994,0.0371,0.1678,0.5715,0.5666,1.1483,-0.2300,-0.2300,0.2300,0.6758,0.6758,3.5490,1.6850,-31.6252,-3.5312,10.4892,3.9676,20.1721,1.3877,-0.2209,-0.2329,0.2689
20316994,0.0393,0.1705,0.5773,0.4804,1.0689,-0.2300,-0.2300,0.2300,0.6941,0.6941,3.6693,1.4677,-33.1272,-2.7274,9.5587,3.8352,20.1573,1.4255,-0.2355,-0.2323,0.2461
20321994,0.0404,0.1729,0.4163,0.4847,1.2277,-0.2300,-0.2300,0.2300,0.7106,0.7106,3.2894,1.5963,-31.3548,-4.2467,9.6331,3.6448,20.1405,1.4819,-0.2387,-0.2146,0.2298
20326994,0.0417,0.1753,0.4514,0.4737,1.2387,-0.2300,-0.2300,0.2300,0.7273,0.7273,3.3343,1.8867,-31.8034,-6.4325,11.2962,3.5180,20.1043,1.5262,-0.2292,-0.2115,0.2054
20331994,0.0422,0.1788,0.3424,0.6900,1.2937,-0.2300,-0.2300,0.2300,0.7430,0.7430,3.1476,2.6000,-29.2379,-8.3274,15.8839,3.3393,20.0713,1.6161,-0.2398,-0.2015,0.1929
20336994,0.0427,0.1822,0.3436,0.5980,1.5774,-0.2300,-0.2300,0.2300,0.7591,0.7591,3.2173,2.8408,-30.5603,-10.8447,17.6082,3.2184,20.0080,1.6720,-0.2076,-0.2138,0.2007
20341994,0.0430,0.1849,0.3305,0.4853,1.3187,-0.2300,-0.2300,0.2300,0.7770,0.7770,3.5852,2.6393,-36.4651,-11.2277,15.9418,3.0087,19.9630,1.7854,-0.1680,-0.2282,0.2262
20346994,0.0433,0.1874,0.2480,0.4462,1.0637,-0.2300,-0.2300,0.2300,0.7964,0.7964,3.8831,2.5602,-42.3175,-11.8886,14.6248,2.8384,19.8937,1.8445,-0.0653,-0.2206,0.2462
20351994,0.0435,0.1892,0.2926,0.3189,1.1086,-0.2300,-0.2300,0.2300,0.8137,0.8137,3.4549,2.1130,-39.4212,-12.0912,10.2736,2.5959,19.8444,1.9113,-0.1055,-0.2333,0.2675
20356994,0.0443,0.1896,0.3180,0.0480,1.1294,-0.2300,-0.2300,0.2300,0.8321,0.8321,3.6748,1.4637,-41.5844,-9.4284,8.0237,2.4303,19.7850,1.9431,-0.0424,-0.2436,0.2631
20361994,0.0457,0.1896,0.4823,-0.0644,1.0781,-0.2300,-0.2300,0.2300,0.8490,0.8490,3.3896,1.2836,-36.8698,-9.5973,7.0255,2.1905,19.7471,1.9839,-0.1867,-0.2326,0.2341
20366994,0.0452,0.1913,0.1845,0.3265,1.4708,-0.2300,-0.2300,0.2300,0.8599,0.8599,2.1772,1.9396,-26.0565,-11.7038,8.5245,2.0885,19.6810,2.0108,-0.2722,-0.2115,0.2139
20371994,0.0453,0.1924,0.3085,0.1808,1.6639,-0.2300,-0.2300,0.2300,0.8710,0.8710,2.2217,1.8924,-26.3651,-13.3335,8.1178,1.9332,19.6266,2.0718,-0.2390,-0.2194,0.2379
20376994,0.0446,0.1946,0.1246,0.3482,1.3496,-0.2300,-0.2300,0.2300,0.8794,0.8794,1.6743,2.0755,-23.1515,-14.4504,7.2338,1.8397,19.5420,2.1002,-0.2710,-0.2132,0.2342
20381994,0.0428,0.1958,-0.0150,0.1649,1.6043,-0.2300,-0.2300,0.2300,0.8869,0.8869,1.5015,2.1395,-23.4652,-16.6513,8.2084,1.7044,19.4757,2.1497,-0.2225,-0.2071,0.2384
20386994,0.0421,0.1962,0.1573,-0.0034,1.4321,-0.2300,-0.2300,0.2300,0.8958,0.8958,1.7752,1.7733,-26.3405,-16.6169,5.6119,1.5984,19.3735,2.1726,-0.2060,-0.2185,0.2526
20391994,0.0411,0.1966,0.0672,0.0816,1.3230,-0.2300,-0.2300,0.2300,0.9045,0.9045,1.7469,1.7325,-27.3965,-16.0461,4.5526,1.4351,19.3102,2.1992,-0.2181,-0.2281,0.2389
20396994,0.0403,0.1967,0.1564,0.0018,1.7445,-0.2300,-0.2300,0.2300,0.9138,0.9138,1.8603,1.7364,-28.8298,-17.4769,4.1574,1.3196,19.2062,2.2121,-0.2244,-0.2179,0.2389
20401994,0.0388,0.1966,0.0467,-0.1179,1.7586,-0.2300,-0.2300,0.2300,0.9226,0.9226,1.7529,1.5249,-29.1080,-17.1089,3.3568,1.1443,19.1378,2.2349,-0.2193,-0.2300,0.2354
20406994,0.0373,0.1964,-0.0134,-0.1118,1.6281,-0.2300,-0.2300,0.2300,0.9311,0.9311,1.7062,1.8044,-29.9543,-19.4524,4.5260,1.0241,19.0257,2.2525,-0.2095,-0.2099,0.2135
20411994,0.0353,0.1963,-0.0919,-0.0327,1.6284,-0.2300,-0.2300,0.2300,0.9398,0.9398,1.7379,2.2084,-31.5235,-21.7602,6.4028,0.8361,18.9383,2.2833,-0.2225,-0.2124,0.2119
20416994,0.0336,0.1966,-0.0293,0.0464,1.6770,-0.2300,-0.2300,0.2300,0.9492,0.9492,1.8824,2.4905,-32.1864,-22.7961,8.0099,0.7073,18.8022,2.3304,-0.2212,-0.2136,0.2140
20421994,0.0312,0.1967,-0.1002,-0.0116,1.6853,-0.2300,-0.2300,0.2300,0.9595,0.9595,2.0700,2.4893,-35.5053,-23.2979,8.2356,0.5000,18.7088,2.3635,-0.1636,-0.2145,0.2255
20426994,0.0288,0.1963,-0.1649,-0.1542,1.6272,-0.2300,-0.2300,0.2300,0.9708,0.9708,2.2421,2.3115,-39.0503,-23.6097,7.4646,0.3434,18.5683,2.4094,-0.1243,-0.2313,0.2348
20431994,0.0267,0.1958,-0.1316,-0.1710,1.5612,-0.2300,-0.2300,0.2300,0.9804,0.9804,1.9187,2.2984,-35.9783,-24.7015,6.4758,0.1202,18.4694,2.4357,-0.1570,-0.2325,0.2407
20436994,0.0242,0.1940,-0.1885,-0.3451,1.5952,-0.2300,-0.2300,0.2300,0.9888,0.9888,1.6856,1.7465,-35.7888,-23.9048,2.4369,-0.0209,18.3247,2.4557,-0.1592,-0.2283,0.2653
20441994,0.0225,0.1921,-0.0742,-0.4374,1.5185,-0.2300,-0.2300,0.2300,0.9975,0.9975,1.7436,1.4397,-36.1683,-23.4105,0.1915,-0.2430,18.2314,2.4560,-0.1611,-0.2231,0.2494
20446994,0.0193,0.1904,-0.3213,-0.3335,1.6996,-0.1509,-0.2300,0.2300,1.0029,1.0029,1.0734,1.6793,-31.0495,-24.4388,1.0226,-0.3665,18.0866,2.4595,-0.2461,-0.2240,0.2319
20451994,0.0159,0.1886,-0.3714,-0.3381,1.7888,-0.0514,-0.2300,0.2300,1.0075,1.0075,0.9222,1.7530,-30.2484,-25.3610,1.1794,-0.5452,17.9846,2.4650,-0.2171,-0.2353,0.2345
20456994,0.0117,0.1871,-0.5079,-0.3079,1.5631,0.1001,-0.2300,0.2300,1.0107,1.0107,0.6402,1.7391,-29.6186,-26.0915,-0.0340,-0.6642,17.8282,2.4647,-0.2129,-0.2274,0.2339
20461994,0.0080,0.1852,-0.4731,-0.4136,1.6251,0.1587,-0.2300,0.2300,1.0134,1.0134,0.5362,1.7124,-28.5800,-27.1906,-0.0335,-0.8360,17.7202,2.4646,-0.1495,-0.2222,0.2326
20466994,0.0046,0.1831,-0.3717,-0.4588,1.5112,0.1662,-0.2300,0.2300,1.0160,1.0160,0.5308,1.8558,-28.7344,-29.6484,0.0030,-0.9502,17.5440,2.4647,-0.1065,-0.2191,0.2305
20471994,0.0010,0.1806,-0.4753,-0.5156,1.4812,0.2300,-0.2300,0.2300,1.0179,1.0179,0.3814,1.8063,-28.2148,-29.8166,0.0140,-1.1198,17.4244,2.4647,-0.0916,-0.2332,0.2301
20476994,-0.0023,0.1773,-0.4010,-0.6139,1.5680,0.2300,-0.2300,0.2300,1.0203,1.0203,0.4682,1.6551,-28.0041,-29.2517,-0.0237,-1.2326,17.2489,2.4645,-0.0465,-0.2352,0.2300
20481994,-0.0060,0.1741,-0.5260,-0.6185,1.4211,0.2300,-0.2300,0.2300,1.0203,1.0203,0.0047,1.6687,-23.9727,-29.5138,0.0249,-1.3826,17.1307,2.4646,-0.0259,-0.2307,0.2292
20486994,-0.0098,0.1705,-0.5663,-0.6771,1.3478,0.2300,-0.2300,0.2300,1.0186,1.0186,-0.3346,1.7982,-21.8484,-32.0500,-0.0076,-1.4693,16.9416,2.4646,-0.0009,-0.2172,0.2292
20491994,-0.0140,0.1664,-0.6063,-0.7825,1.1831,0.2300,-0.2300,0.2300,1.0157,1.0157,-0.5879,1.6285,-18.7763,-31.2975,-0.0108,-1.5868,16.8162,2.4646,0.0355,-0.2311,0.2299
20496994,-0.0179,0.1624,-0.5803,-0.7520,1.0918,0.2300,-0.2300,0.2300,1.0114,1.0114,-0.8604,1.6264,-14.9288,-30.9258,-0.0088,-1.6472,16.6318,2.4646,0.0671,-0.2373,0.2299
20501994,-0.0215,0.1584,-0.5409,-0.7898,1.0264,0.2300,-0.2300,0.2300,1.0054,1.0054,-1.1868,1.6945,-11.3414,-32.3290,0.0019,-1.7179,16.5024,2.4645,0.1036,-0.2344,0.2300
20506994,-0.0248,0.1540,-0.4814,-0.8500,0.8380,0.2300,-0.2300,0.2300,0.9987,0.9987,-1.3380,1.6050,-8.5132,-31.9205,0.0600,-1.7519,16.3087,2.4647,0.1386,-0.2222,0.2297
20511994,-0.0278,0.1492,-0.5171,-0.8900,0.6657,0.2300,-0.2300,0.2300,0.9901,0.9901,-1.7199,1.5417,-3.9122,-31.3998,0.2741,-1.7810,16.1832,2.4657,0.1772,-0.2247,0.2270
20516994,-0.0308,0.1448,-0.4917,-0.8741,0.4947,0.2300,-0.2300,0.2300,0.9804,0.9804,-1.9402,1.6948,-0.7103,-32.0553,1.3820,-1.7841,15.9922,2.4724,0.1917,-0.2371,0.2192
20521994,-0.0338,0.1400,-0.5794,-0.9591,0.3991,0.2300,-0.2300,0.2300,0.9698,0.9698,-2.1258,1.5982,1.7776,-30.8560,2.4081,-1.7760,15.8679,2.4822,0.2059,-0.2433,0.2180
20526994,-0.0365,0.1347,-0.4725,-1.0574,0.3331,0.2300,-0.2300,0.2300,0.9592,0.9592,-2.1157,1.5038,3.6937,-30.2153,3.0854,-1.7614,15.6880,2.4997,0.2021,-0.2273,0.2208
20531994,-0.0391,0.1294,-0.4536,-1.0617,0.2320,0.2300,-0.2300,0.2300,0.9471,0.9471,-2.4306,1.6112,8.1145,-30.4891,4.1925,-1.7186,15.5662,2.5164,0.1961,-0.2211,0.2167
20536994,-0.0414,0.1236,-0.4023,-1.1054,0.2836,0.2300,-0.2300,0.2300,0.9334,0.9334,-2.7415,1.6207,13.4752,-29.8099,5.4539,-1.6657,15.3833,2.5481,0.1717,-0.2273,0.2184
20541994,-0.0437,0.1174,-0.4585,-1.2355,0.3737,0.2300,-0.2300,0.2300,0.9156,0.9156,-3.5615,1.3543,23.2031,-28.1490,5.1776,-1.5362,15.2719,2.5692,0.1526,-0.2346,0.2323
20546994,-0.0457,0.1111,-0.3989,-1.2883,0.2833,0.2300,-0.2300,0.2300,0.8961,0.8961,-3.8976,1.3682,27.2138,-29.0567,5.0770,-1.4265,15.0996,2.5986,0.1658,-0.2221,0.2279
20551994,-0.0482,0.1047,-0.5076,-1.2254,0.0707,0.2300,-0.2300,0.2300,0.8739,0.8739,-4.4356,1.5938,31.3677,-30.7908,5.3840,-1.2441,14.9765,2.6204,0.1820,-0.2241,0.2291
20556994,-0.0501,0.0979,-0.3543,-1.3274,0.0521,0.2300,-0.2300,0.2300,0.8499,0.8499,-4.7970,1.4639,37.3967,-30.4418,5.2465,-1.0954,14.7904,2.6520,0.1298,-0.2343,0.2327
20561994,-0.0523,0.0907,-0.4481,-1.4401,0.2656,0.2300,-0.2300,0.2300,0.8247,0.8247,-5.0481,1.1188,40.3975,-27.7668,4.8118,-0.8509,14.6801,2.6713,0.0924,-0.2546,0.2322
20566994,-0.0539,0.0837,-0.3601,-1.3867,0.1257,0.2300,-0.2300,0.1564,0.8013,0.8013,-4.6717,1.2514,36.8256,-28.4706,5.2031,-0.7032,14.5114,2.7009,0.1590,-0.2418,0.2282
20571994,-0.0558,0.0765,-0.3968,-1.4193,-0.2377,0.2300,-0.2300,-0.0278,0.7779,0.7779,-4.6742,1.3284,36.7418,-28.8232,6.2419,-0.4890,14.3954,2.7260,0.1516,-0.2322,0.2101
20576994,-0.0571,0.0687,-0.2541,-1.5143,-0.0386,0.2300,-0.2300,-0.1755,0.7542,0.7542,-4.7408,1.0361,39.2451,-27.3648,5.0895,-0.3321,14.2292,2.7594,0.1035,-0.2393,0.1838
20581994,-0.0585,0.0610,-0.2556,-1.5589,0.0833,0.2300,-0.2300,-0.2300,0.7290,0.7290,-5.0448,0.9156,42.4872,-26.9745,4.4250,-0.0772,14.1210,2.7769,0.0508,-0.2423,0.1626
20586994,-0.0600,0.0533,-0.3589,-1.5214,-0.1342,0.2300,-0.2300,-0.2300,0.7049,0.7049,-4.8192,0.9861,37.8036,-28.0883,3.8797,0.0756,13.9552,2.8011,0.1550,-0.2333,0.1208
20591994,-0.0610,0.0450,-0.1805,-1.6481,-0.2093,0.2300,-0.2300,-0.2300,0.6812,0.6812,-4.7416,0.7195,38.9812,-27.0899,3.0410,0.3016,13.8462,2.8132,0.1161,-0.2434,0.0848
20596994,-0.0620,0.0368,-0.1878,-1.6725,0.1352,0.2300,-0.2300,-0.2300,0.6555,0.6555,-5.1349,0.5382,41.8152,-27.4989,0.6068,0.4702,13.6845,2.8190,0.0671,-0.2342,0.0685
20601994,-0.0629,0.0288,-0.1820,-1.5543,-0.1428,0.2300,-0.2300,-0.2300,0.6318,0.6318,-4.7430,0.9057,34.5502,-32.0510,-0.4107,0.6867,13.5574,2.8171,0.2050,-0.1905,0.0176
20606994,-0.0635,0.0208,-0.1203,-1.5733,-0.4800,0.2300,-0.2300,-0.2300,0.6079,0.6079,-4.7867,1.1044,34.9918,-34.1843,0.2864,0.8244,13.3471,2.8176,0.1941,-0.2118,-0.0362
20611994,-0.0639,0.0128,-0.0480,-1.6090,0.2470,0.2300,-0.1214,-0.2300,0.5823,0.5823,-5.1284,0.8152,39.8515,-32.2659,-1.1975,1.0642,13.2191,2.8142,0.1115,-0.2328,-0.0403
20616994,-0.0641,0.0054,-0.0250,-1.4197,0.2735,0.2300,-0.0811,-0.2300,0.5567,0.5567,-5.1128,1.3629,35.4377,-39.2092,-3.1770,1.2069,12.9972,2.7936,0.2107,-0.1724,-0.0879
20621994,-0.0638,-0.0017,0.0629,-1.4114,-0.6693,0.2300,0.0274,-0.2300,0.5318,0.5318,-4.9832,1.6530,33.5354,-42.5592,-2.7718,1.4025,12.8235,2.7828,0.2369,-0.0759,-0.1347
20626994,-0.0635,-0.0090,0.0287,-1.4468,-0.1513,0.2300,0.1879,-0.2300,0.5063,0.5063,-5.0925,0.8929,36.3204,-35.8785,-5.6006,1.5489,12.6012,2.7550,0.1710,-0.1262,-0.1430
20631994,-0.0628,-0.0163,0.1658,-1.4520,0.5350,0.2300,0.2300,-0.2300,0.4808,0.4808,-5.0957,0.7971,35.8052,-37.4878,-8.2587,1.7689,12.4532,2.7212,0.2006,-0.1098,-0.1726
20636994,-0.0625,-0.0219,0.0330,-1.0815,-0.3282,0.2300,0.2300,-0.2300,0.4558,0.4558,-5.0062,1.3175,30.4161,-41.6356,-10.1866,1.8918,12.2057,2.6619,0.2628,-0.0422,-0.2200
20641994,-0.0623,-0.0282,0.0791,-1.2526,-0.4158,0.2300,0.2300,-0.2300,0.4315,0.4315,-4.8518,1.1081,29.9738,-40.6669,-9.7396,2.0662,12.0410,2.6230,0.2193,-0.0652,-0.2265
20646994,-0.0618,-0.0347,0.1203,-1.2675,0.6498,0.2300,0.2300,-0.2300,0.4083,0.4083,-4.6446,0.5517,29.7937,-35.4851,-11.6151,2.1872,11.8242,2.5545,0.2357,-0.0423,-0.2138
20651994,-0.0599,-0.0405,0.3714,-1.1051,0.2177,0.2300,0.2300,-0.2300,0.3885,0.3885,-3.9650,0.7473,26.0365,-34.7725,-10.4471,2.3465,11.6853,2.5122,0.2508,0.0149,-0.2407
20656994,-0.0579,-0.0459,0.4502,-1.1060,-0.4757,0.2300,0.2300,-0.2300,0.3699,0.3699,-3.7190,0.4939,25.1146,-32.2128,-11.1792,2.4470,11.4882,2.4498,0.2495,0.0340,-0.2242
20661994,-0.0555,-0.0510,0.4850,-0.9621,0.0753,0.2300,0.2300,-0.2300,0.3542,0.3542,-3.1450,0.4397,19.1825,-31.0633,-12.4647,2.5677,11.3653,2.3991,0.2614,0.0807,-0.2200
20666994,-0.0523,-0.0560,0.6029,-0.9392,0.1388,0.2300,0.2300,-0.2300,0.3414,0.3414,-2.5457,0.0019,18.0644,-23.6368,-11.1648,2.6404,11.2121,2.3316,0.2491,0.0824,-0.2293
20671994,-0.0492,-0.0600,0.6069,-0.7816,-0.2075,0.2300,0.2300,-0.2300,0.3312,0.3312,-2.0508,-0.2292,14.2651,-19.4780,-12.0235,2.7299,11.1336,2.2835,0.2536,0.1114,-0.2205
20676994,-0.0457,-0.0637,0.6539,-0.7514,-0.0414,0.2300,0.2300,-0.2300,0.3235,0.3235,-1.5477,-0.9919,13.2579,-10.0458,-12.9615,2.7821,11.0629,2.2065,0.2323,0.1275,-0.2213
20681994,-0.0422,-0.0678,0.6643,-0.7553,0.1242,0.2300,0.2300,-0.2300,0.3156,0.3156,-1.5793,-1.6503,16.5226,-2.7283,-14.2379,2.8754,11.0512,2.1501,0.2183,0.1425,-0.2121
20686994,-0.0386,-0.0713,0.7272,-0.7312,0.1172,0.2300,0.2300,-0.2300,0.3078,0.3078,-1.5571,-2.6456,20.2800,7.5204,-17.2773,2.9562,11.0861,2.0514,0.1857,0.1417,-0.2108
20691994,-0.0356,-0.0743,0.5999,-0.6139,0.2381,0.2300,0.2300,-0.2300,0.2986,0.2986,-1.8385,-3.2750,22.9095,13.4069,-21.0505,3.0925,11.1397,1.9673,0.2105,0.1432,-0.1791
20696994,-0.0326,-0.0775,0.5803,-0.5666,0.1669,0.2300,0.2300,-0.2300,0.2896,0.2896,-1.8040,-4.0037,23.2163,19.4057,-25.0442,3.1866,11.2542,1.8165,0.2240,0.1794,-0.2048
20701994,-0.0299,-0.0802,0.5501,-0.5718,-0.0285,0.2300,0.2300,-0.2300,0.2833,0.2833,-1.2529,-3.9906,19.1539,21.7437,-22.4579,3.3086,11.3396,1.7255,0.2583,0.1756,-0.2463
20706994,-0.0260,-0.0824,0.7957,-0.4472,0.1282,0.0918,0.2300,-0.2300,0.2832,0.2832,-0.0108,-4.1530,14.8556,30.7681,-17.1967,3.3678,11.5118,1.6166,0.2774,0.1557,-0.2701
20711994,-0.0206,-0.0841,1.0815,-0.2947,0.3438,-0.1704,0.2300,-0.2300,0.2887,0.2887,1.0867,-4.2676,9.7047,36.4836,-14.8712,3.4313,11.6585,1.5570,0.2723,0.1514,-0.2546
20716994,-0.0151,-0.0851,1.1157,-0.1570,0.1972,-0.2300,0.2300,-0.2300,0.2968,0.2968,1.6357,-4.3997,6.5658,40.8662,-13.8973,3.4578,11.9033,1.4750,0.2185,0.0834,-0.2454
20721994,-0.0094,-0.0860,1.0880,-0.2056,0.0558,-0.2300,0.2300,-0.2300,0.3060,0.3060,1.8228,-4.2735,3.0077,38.3316,-14.0798,3.4782,12.0581,1.4187,0.1608,0.1283,-0.2312
20726994,-0.0040,-0.0873,1.0553,-0.2443,-0.1605,-0.2300,0.2300,-0.2300,0.3137,0.3137,1.5535,-4.1784,2.6434,34.2075,-16.4101,3.4882,12.2659,1.3232,0.1268,0.2078,-0.2072
